Índice,,,,,,,,,,,,,,,,,,,,,,,,,,Unidade: €,,,,,,,,,,,,,,,,,,,,,,,,,,Unidade: €,,,,,,,,,,,,,,,,,,,,,,,,,,Unidade: €
COD (NUTS2024),Designação,1º Quartil das vendas por m² de alojamentos familiares nos últimos 12 meses,,,,,,,,,,,,,,,,,,,,,,,,,,Valor mediano das vendas por m² de alojamentos familiares nos últimos 12 meses,,,,,,,,,,,,,,,,,,,,,,,,,,3º Quartil das vendas por m² de alojamentos familiares nos últimos 12 meses,,,,,,,,,,,,,,,,,,,,,,,,
,,4ºT 2025,3ºT2025,2ºT2025,1ºT2025,4ºT 2024,3ºT2024,2ºT2024,1ºT2024,4ºT 2023,3ºT2023,2ºT2023,1ºT2023,4ºT 2022,3ºT 2022,2ºT2022,1ºT 2022,4ºT 2021,3ºT 2021,2ºT 2021,1ºT 2021,4ºT 2020,3ºT 2020,2ºT 2020,1ºT 2020,4ºT 2019,,4ºT 2025,3ºT2025,2ºT2025,1ºT2025,4ºT 2024,3ºT2024,2ºT2024,1ºT2024,4ºT 2023,3ºT2023,2ºT2023,1ºT2023,4ºT 2022,3ºT 2022,2ºT2022,1ºT 2022,4ºT 2021,3ºT 2021,2ºT 2021,1ºT 2021,4ºT 2020,3ºT 2020,2ºT 2020,1ºT 2020,4ºT 2019,,4ºT 2025,3ºT2025,2ºT2025,1ºT2025,4ºT 2024,3ºT2024,2ºT2024,1ºT2024,4ºT 2023,3ºT2023,2ºT2023,1ºT2023,4ºT 2022,3ºT 2022,2ºT2022,1ºT 2022,4ºT 2021,3ºT 2021,2ºT 2021,1ºT 2021,4ºT 2020,3ºT 2020,2ºT 2020,1ºT 2020,4ºT 2019
PT,Portugal,1 196,1 149,1 115,1 066,1 008,972,948,939,938,923,912,909,906,893,871,841,819,800,783,781,784,771,763,753,734,,2 076,1 991,1 923,1 845,1 777,1 709,1 661,1 633,1 611,1 579,1 541,1 509,1 484,1 446,1 402,1 346,1 297,1 251,1 218,1 197,1 190,1 167,1 146,1 127,1 094,,3 051,2 933,2 828,2 724,2 639,2 552,2 500,2 472,2 447,2 400,2 333,2 274,2 219,2 159,2 083,2 000,1 924,1 853,1 801,1 763,1 754,1 724,1 699,1 681,1 639
1,Continente,1 200,1 154,1 120,1 069,1 013,975,951,942,941,926,915,912,909,896,875,845,822,803,785,783,787,773,767,757,737,,2 083,1 996,1 925,1 846,1 778,1 714,1 667,1 638,1 618,1 587,1 550,1 519,1 492,1 453,1 408,1 351,1 301,1 257,1 222,1 200,1 195,1 169,1 150,1 131,1 096,,3 058,2 934,2 824,2 718,2 633,2 555,2 508,2 479,2 456,2 409,2 346,2 288,2 232,2 172,2 096,2 010,1 934,1 864,1 812,1 771,1 763,1 733,1 708,1 692,1 650
11,Norte,1 146,1 103,1 067,1 011,962,921,902,892,889,878,864,860,859,840,820,794,771,758,745,743,737,717,704,694,676,,1 825,1 750,1 694,1 621,1 558,1 492,1 449,1 417,1 394,1 367,1 331,1 304,1 282,1 250,1 208,1 169,1 133,1 108,1 079,1 065,1 047,1 019,1 000,977,948,,2 559,2 458,2 378,2 289,2 216,2 139,2 093,2 045,2 000,1 968,1 896,1 835,1 793,1 740,1 675,1 621,1 574,1 525,1 488,1 458,1 423,1 382,1 351,1 329,1 289
111,Alto Minho,819,786,762,744,698,690,677,660,654,629,632,641,651,640,633,597,588,588,566,582,588,574,586,582,566,,1 401,1 365,1 345,1 313,1 248,1 193,1 158,1 124,1 108,1 091,1 077,1 073,1 064,1 035,1 012,972,945,925,895,893,891,870,865,853,846,,1 964,1 877,1 861,1 828,1 761,1 711,1 649,1 582,1 542,1 508,1 489,1 460,1 442,1 400,1 363,1 319,1 288,1 250,1 205,1 200,1 183,1 162,1 151,1 125,1 113
1111601,Arcos de Valdevez,385,392,401,417,401,404,417,397,408,390,380,385,400,358,357,289,273,276,286,357,380,398,417,390,310,,943,913,966,960,958,1 000,998,828,813,766,754,760,778,766,763,690,635,680,705,740,794,711,726,693,672,,1 513,1 509,1 571,1 538,1 544,1 610,1 581,1 448,1 426,1 375,1 270,1 271,1 256,1 163,1 141,1 083,1 012,1 048,1 000,1 035,1 081,1 035,1 029,975,961
1111602,Caminha,1 083,1 076,1 120,1 120,1 000,955,896,865,892,934,851,779,765,745,765,762,747,717,676,671,676,680,717,733,739,,1 606,1 544,1 490,1 461,1 425,1 415,1 334,1 364,1 318,1 298,1 280,1 201,1 201,1 182,1 174,1 158,1 111,1 071,1 000,1 000,978,964,938,946,967,,2 122,2 059,1 975,1 934,1 856,1 803,1 802,1 786,1 750,1 719,1 635,1 574,1 582,1 500,1 496,1 494,1 443,1 429,1 365,1 330,1 278,1 302,1 250,1 234,1 238
1111603,Melgaço,350,259,232,252,212,250,218,203,200,193,202,223,229,233,233,213,203,206,195,203,241,200,213,220,231,,710,530,475,475,400,422,422,388,404,420,400,428,359,352,394,400,362,381,332,337,426,399,515,554,545,,1 151,1 042,938,891,777,786,774,747,733,747,724,740,715,747,833,857,870,852,697,663,667,640,685,774,755
1111604,Monção,688,594,680,692,655,722,610,489,469,450,469,506,536,521,476,443,408,469,480,486,500,429,408,271,333,,1 200,1 138,1 224,1 244,1 205,1 244,1 081,918,910,843,895,936,967,957,812,794,755,773,779,810,794,672,655,606,658,,1 681,1 625,1 624,1 667,1 633,1 702,1 690,1 425,1 345,1 218,1 241,1 228,1 192,1 169,1 080,1 049,990,1 040,1 078,1 111,1 069,931,895,861,965
1111605,Paredes de Coura,444,349,363,442,381,471,460,400,400,364,367,363,372,380,366,360,343,308,294,269,269,269,269,291,293,,842,777,752,770,708,743,722,753,723,600,645,565,587,663,646,654,652,594,531,511,509,479,479,500,513,,1 331,1 290,1 214,1 214,1 185,1 181,1 188,1 123,1 189,1 020,988,950,955,992,964,976,931,886,763,716,763,725,725,756,756
1111606,Ponte da Barca,580,556,488,450,556,564,366,367,325,400,517,463,472,421,395,342,321,267,275,339,402,435,417,392,347,,1 173,1 123,1 019,980,952,917,865,796,759,792,868,896,915,833,772,714,623,625,619,654,674,642,613,563,565,,1 555,1 504,1 396,1 333,1 277,1 200,1 192,1 166,1 104,1 168,1 166,1 160,1 139,1 099,1 065,1 042,925,925,864,864,930,920,878,859,851
1111607,Ponte de Lima,724,750,736,725,652,621,603,588,662,690,665,670,669,664,758,700,676,696,681,706,722,636,629,613,607,,1 282,1 300,1 370,1 366,1 246,1 123,1 106,1 080,1 128,1 191,1 138,1 141,1 142,1 099,1 151,1 099,1 041,999,976,984,994,954,915,908,902,,1 817,1 865,1 933,1 929,1 782,1 667,1 613,1 564,1 526,1 566,1 501,1 474,1 511,1 496,1 510,1 448,1 365,1 322,1 249,1 265,1 288,1 265,1 223,1 193,1 185
1111608,Valença,628,618,595,579,571,542,586,586,586,623,569,563,543,440,442,414,405,449,414,423,482,485,505,504,397,,1 012,970,940,917,893,868,915,943,945,1 036,942,880,841,758,733,733,703,692,696,679,682,680,659,657,627,,1 458,1 430,1 430,1 378,1 344,1 264,1 349,1 404,1 415,1 419,1 405,1 216,1 182,1 065,1 077,1 080,996,954,944,871,954,1 023,952,939,894
1111609,Viana do Castelo,1 368,1 307,1 249,1 194,1 116,1 074,1 042,1 010,980,952,950,979,956,933,906,843,835,810,800,803,781,766,757,741,727,,1 810,1 698,1 683,1 627,1 591,1 460,1 406,1 342,1 289,1 319,1 325,1 319,1 297,1 263,1 202,1 129,1 128,1 077,1 044,1 044,1 001,990,987,952,940,,2 277,2 201,2 161,2 115,2 045,1 949,1 818,1 771,1 714,1 722,1 728,1 672,1 646,1 591,1 517,1 442,1 408,1 367,1 319,1 319,1 280,1 249,1 239,1 218,1 196
1111610,Vila Nova de Cerveira,606,577,605,545,533,491,484,584,617,633,618,598,571,538,508,490,423,377,328,328,333,511,514,484,444,,1 037,1 022,1 002,938,883,857,858,904,951,959,951,882,889,871,825,745,707,704,633,648,658,717,740,799,738,,1 532,1 454,1 599,1 506,1 370,1 195,1 182,1 250,1 442,1 435,1 364,1 294,1 250,1 183,1 123,1 138,1 067,1 042,897,863,933,975,1 020,1 027,965
112,Cávado,1 287,1 228,1 182,1 140,1 097,1 046,1 028,997,1 004,985,956,939,909,879,851,819,799,787,763,767,749,728,722,704,694,,1 805,1 716,1 657,1 586,1 527,1 481,1 429,1 395,1 385,1 346,1 296,1 274,1 230,1 193,1 167,1 125,1 091,1 063,1 031,1 019,997,971,960,932,910,,2 312,2 238,2 143,2 050,1 978,1 903,1 827,1 769,1 763,1 728,1 683,1 627,1 574,1 523,1 479,1 430,1 385,1 351,1 314,1 310,1 282,1 239,1 218,1 174,1 154
1120301,Amares,899,825,806,760,750,751,750,725,754,728,682,658,661,639,640,641,635,581,574,574,571,570,571,540,523,,1 392,1 291,1 159,1 132,1 118,1 130,1 168,1 152,1 157,1 050,992,970,967,977,974,988,948,894,801,780,737,728,736,724,710,,1 826,1 685,1 564,1 469,1 425,1 408,1 424,1 505,1 525,1 380,1 266,1 213,1 180,1 214,1 216,1 217,1 208,1 190,1 091,1 014,954,938,919,907,900
1120302,Barcelos,1 114,1 055,1 016,1 020,941,886,877,812,860,838,844,867,839,833,754,679,667,635,652,682,652,654,642,627,636,,1 571,1 450,1 416,1 399,1 347,1 301,1 246,1 169,1 152,1 141,1 127,1 151,1 126,1 103,1 027,962,948,928,916,913,901,893,890,854,835,,2 083,1 919,1 812,1 768,1 724,1 674,1 552,1 476,1 471,1 441,1 445,1 447,1 441,1 402,1 320,1 210,1 177,1 155,1 152,1 140,1 128,1 111,1 096,1 074,1 042
1120303,Braga,1 551,1 467,1 387,1 333,1 278,1 258,1 226,1 194,1 176,1 125,1 077,1 045,1 022,988,959,922,882,859,828,826,818,799,784,765,746,,1 996,1 900,1 808,1 720,1 671,1 627,1 590,1 552,1 524,1 480,1 427,1 385,1 330,1 292,1 250,1 200,1 164,1 138,1 091,1 079,1 053,1 025,1 006,978,949,,2 474,2 369,2 240,2 133,2 064,2 025,1 964,1 925,1 905,1 856,1 796,1 737,1 667,1 600,1 552,1 496,1 455,1 429,1 383,1 383,1 345,1 288,1 265,1 220,1 193
1120306,Esposende,1 509,1 545,1 526,1 493,1 364,1 255,1 170,1 114,1 133,1 132,1 119,1 097,1 035,978,943,952,926,927,918,909,908,853,813,811,811,,2 118,2 157,2 138,2 100,1 986,1 789,1 611,1 491,1 518,1 500,1 508,1 445,1 359,1 320,1 290,1 251,1 237,1 216,1 211,1 201,1 200,1 141,1 112,1 091,1 086,,2 769,2 764,2 697,2 635,2 549,2 302,2 070,1 930,1 930,1 959,1 930,1 898,1 834,1 667,1 600,1 565,1 538,1 512,1 471,1 438,1 427,1 401,1 376,1 351,1 318
1120310,Terras de Bouro,571,506,442,371,373,375,357,395,375,363,375,426,416,403,403,385,394,405,350,292,274,264,262,262,222,,1 042,864,915,864,763,700,730,749,823,884,956,921,845,853,829,763,769,751,640,690,602,611,611,611,545,,1 515,1 427,1 424,1 409,1 388,1 152,1 164,1 261,1 318,1 395,1 342,1 333,1 221,1 175,1 155,1 145,1 154,1 137,1 040,999,958,1 053,1 042,971,949
1120313,Vila Verde,958,920,767,750,704,707,758,701,756,757,750,742,695,651,611,583,601,587,591,603,570,526,488,488,494,,1 456,1 381,1 332,1 259,1 219,1 175,1 142,1 094,1 083,1 079,1 066,1 066,1 013,946,930,881,870,854,833,833,816,790,771,764,750,,1 795,1 774,1 715,1 633,1 512,1 446,1 442,1 418,1 402,1 407,1 325,1 278,1 226,1 179,1 160,1 114,1 082,1 042,1 026,1 000,994,975,962,953,938
119,Ave,1 080,1 024,982,900,837,800,781,776,767,750,748,730,728,714,707,701,690,675,662,656,643,631,625,625,612,,1 548,1 489,1 420,1 322,1 256,1 209,1 182,1 164,1 150,1 121,1 097,1 066,1 050,1 030,1 014,1 000,976,962,938,921,899,870,848,833,821,,1 962,1 889,1 803,1 709,1 630,1 571,1 537,1 503,1 457,1 411,1 366,1 343,1 316,1 295,1 273,1 240,1 215,1 200,1 171,1 150,1 122,1 087,1 055,1 037,1 020
1190304,Cabeceiras de Basto,491,504,423,324,319,313,355,373,326,333,375,338,384,356,301,354,281,280,335,333,369,392,444,468,450,,880,908,905,750,750,727,699,715,631,653,775,755,801,723,633,629,591,575,578,610,699,789,761,759,666,,1 379,1 351,1 349,1 193,1 111,1 040,1 071,1 142,1 042,1 154,1 098,1 056,1 067,1 050,1 019,1 000,909,843,849,862,945,968,947,935,840
1190307,Fafe,823,760,744,743,693,684,640,628,600,557,526,506,572,579,548,575,544,511,536,528,513,504,520,518,499,,1 263,1 181,1 133,1 111,1 078,1 072,1 039,992,969,913,875,877,875,872,863,857,837,829,791,766,753,722,733,726,692,,1 607,1 520,1 465,1 409,1 386,1 371,1 364,1 361,1 301,1 205,1 165,1 128,1 142,1 125,1 129,1 120,1 104,1 095,1 034,1 000,993,929,938,939,894
1190308,Guimarães,1 160,1 128,1 094,1 025,961,882,857,840,863,878,842,836,813,794,788,763,736,732,718,719,699,675,670,658,644,,1 607,1 545,1 481,1 414,1 358,1 284,1 250,1 233,1 219,1 200,1 159,1 141,1 115,1 068,1 067,1 050,1 029,1 020,993,981,958,927,894,875,857,,2 024,1 963,1 890,1 808,1 724,1 650,1 619,1 566,1 541,1 501,1 437,1 429,1 381,1 339,1 342,1 311,1 281,1 272,1 250,1 231,1 211,1 152,1 109,1 069,1 059
1191705,Mondim de Basto,463,423,414,377,313,293,257,229,231,221,305,375,339,313,265,226,252,203,300,313,250,269,268,236,268,,852,744,835,741,662,634,549,492,536,533,550,617,593,573,470,464,476,514,545,483,437,469,458,440,455,,1 154,1 114,1 052,978,978,978,885,822,880,833,833,875,853,747,707,704,714,714,762,792,762,720,633,575,574
1190309,Póvoa de Lanhoso,892,875,862,713,597,552,490,521,528,530,574,573,569,586,580,570,553,564,500,539,572,507,525,534,507,,1 308,1 287,1 206,1 091,997,955,862,908,922,923,961,953,918,873,849,836,828,805,790,811,783,756,728,710,673,,1 765,1 692,1 583,1 504,1 405,1 327,1 246,1 250,1 294,1 237,1 237,1 205,1 190,1 145,1 102,1 070,1 063,1 063,1 026,1 040,1 012,965,941,913,888
1190311,Vieira do Minho,419,409,333,303,278,260,248,250,247,237,310,325,333,355,353,355,353,313,281,295,317,346,375,399,365,,1 070,1 064,893,706,669,639,670,568,564,560,650,625,608,625,587,597,654,525,523,582,574,612,617,622,625,,1 511,1 500,1 467,1 240,1 226,1 250,1 231,1 094,1 104,1 083,1 249,1 173,1 107,1 075,1 050,1 045,1 055,1 000,949,914,815,899,899,859,931
1190312,Vila Nova de Famalicão,1 402,1 313,1 237,1 109,1 059,1 042,1 000,1 000,980,906,915,878,881,867,838,824,795,773,755,755,735,734,714,706,699,,1 747,1 680,1 600,1 481,1 402,1 353,1 321,1 293,1 264,1 221,1 198,1 169,1 136,1 119,1 086,1 062,1 043,1 014,987,966,950,940,907,890,867,,2 106,2 025,1 934,1 832,1 735,1 680,1 637,1 581,1 515,1 448,1 411,1 384,1 364,1 345,1 300,1 273,1 233,1 208,1 171,1 154,1 128,1 102,1 089,1 061,1 042
1190314,Vizela,974,896,825,786,757,765,790,823,793,768,761,723,740,714,738,765,765,790,756,754,720,681,628,605,572,,1 423,1 307,1 172,1 080,1 089,1 067,1 104,1 111,1 073,1 044,990,968,969,957,958,994,1 003,1 007,980,942,905,861,825,764,763,,1 803,1 705,1 566,1 478,1 461,1 362,1 379,1 333,1 303,1 261,1 228,1 226,1 243,1 248,1 210,1 369,1 400,1 369,1 329,1 144,1 084,1 039,1 044,986,962
11A,Área Metropolitana do Porto,1 683,1 602,1 544,1 480,1 418,1 367,1 327,1 297,1 273,1 250,1 214,1 187,1 167,1 120,1 071,1 021,981,958,947,929,917,889,858,843,815,,2 305,2 199,2 129,2 047,1 986,1 922,1 875,1 833,1 800,1 766,1 706,1 646,1 607,1 557,1 484,1 429,1 370,1 331,1 303,1 274,1 243,1 201,1 164,1 147,1 108,,3 002,2 889,2 819,2 739,2 675,2 622,2 614,2 582,2 529,2 481,2 346,2 236,2 179,2 105,2 017,1 939,1 871,1 805,1 770,1 734,1 686,1 634,1 581,1 559,1 510
11A0104,Arouca,639,575,546,575,556,556,400,358,350,313,313,313,339,409,402,475,427,440,348,399,340,348,484,407,405,,1 057,1 031,1 070,1 055,1 017,1 070,933,933,924,908,865,804,816,787,873,870,849,826,678,678,668,667,749,667,667,,1 550,1 473,1 507,1 514,1 486,1 514,1 398,1 369,1 323,1 314,1 254,1 244,1 223,1 069,1 236,1 201,1 201,1 179,946,1 062,1 060,1 062,1 009,909,897
11A0107,Espinho,1 965,1 851,1 806,1 852,1 780,1 627,1 508,1 222,1 257,1 314,1 307,1 242,1 167,1 131,969,964,964,992,1 008,965,938,894,892,911,884,,2 703,2 562,2 470,2 460,2 382,2 252,2 111,1 830,1 830,1 924,1 864,1 705,1 645,1 592,1 503,1 493,1 429,1 432,1 459,1 429,1 429,1 293,1 194,1 190,1 190,,3 232,3 088,2 995,2 941,2 876,2 767,2 625,2 515,2 470,2 509,2 413,2 270,2 175,1 990,1 906,1 937,1 926,1 958,2 011,1 959,1 934,1 762,1 551,1 500,1 484
11A1304,Gondomar,1 716,1 648,1 529,1 474,1 411,1 311,1 273,1 264,1 250,1 250,1 225,1 199,1 189,1 132,1 080,1 021,978,925,906,893,890,865,834,806,750,,2 138,2 011,1 902,1 821,1 746,1 676,1 621,1 603,1 570,1 563,1 551,1 509,1 479,1 430,1 385,1 324,1 274,1 224,1 184,1 151,1 136,1 102,1 062,1 038,975,,2 573,2 415,2 251,2 145,2 085,1 999,1 939,1 920,1 895,1 869,1 846,1 768,1 749,1 724,1 667,1 612,1 547,1 487,1 436,1 410,1 379,1 337,1 284,1 244,1 187
11A1306,Maia,2 000,1 899,1 843,1 750,1 667,1 607,1 509,1 496,1 466,1 399,1 400,1 374,1 355,1 313,1 213,1 165,1 130,1 099,1 087,1 051,1 007,1 000,977,972,944,,2 370,2 271,2 196,2 125,2 046,1 973,1 849,1 806,1 806,1 754,1 722,1 679,1 613,1 582,1 499,1 447,1 413,1 368,1 366,1 322,1 283,1 251,1 221,1 199,1 163,,2 737,2 639,2 588,2 482,2 381,2 320,2 178,2 117,2 099,2 056,2 031,1 966,1 891,1 836,1 750,1 688,1 653,1 605,1 600,1 570,1 508,1 469,1 423,1 400,1 359
11A1308,Matosinhos,2 288,2 192,2 126,2 065,1 994,1 923,1 962,1 940,1 856,1 837,1 756,1 667,1 625,1 576,1 512,1 488,1 452,1 406,1 346,1 304,1 279,1 242,1 202,1 189,1 132,,3 004,2 870,2 770,2 663,2 583,2 513,2 619,2 589,2 491,2 406,2 228,2 143,2 089,2 045,1 928,1 893,1 870,1 815,1 748,1 683,1 637,1 600,1 566,1 527,1 480,,3 696,3 542,3 509,3 393,3 308,3 201,3 200,3 153,3 056,2 994,2 813,2 680,2 640,2 614,2 444,2 411,2 432,2 336,2 265,2 155,2 074,2 005,1 974,1 943,1 870
11A0113,Oliveira de Azeméis,889,859,813,781,698,680,663,629,638,632,614,612,625,577,566,548,534,554,548,537,534,513,511,505,501,,1 333,1 265,1 211,1 169,1 111,1 074,1 042,989,1 000,987,945,924,921,888,845,801,768,783,800,828,795,774,744,738,732,,1 692,1 593,1 514,1 472,1 392,1 318,1 284,1 238,1 238,1 219,1 161,1 174,1 131,1 082,1 061,1 016,1 000,1 000,1 007,1 013,999,989,937,923,931
11A1310,Paredes,1 070,1 022,923,926,892,836,860,764,750,743,673,719,712,694,694,658,652,646,662,666,667,667,611,584,545,,1 568,1 501,1 380,1 347,1 311,1 279,1 240,1 136,1 081,1 023,1 000,1 000,1 005,978,964,931,910,883,863,851,844,823,791,767,739,,1 921,1 816,1 703,1 644,1 618,1 567,1 512,1 414,1 385,1 345,1 286,1 250,1 219,1 208,1 208,1 174,1 152,1 115,1 075,1 047,1 040,1 016,975,947,921
11A1312,Porto,2 447,2 397,2 333,2 252,2 204,2 146,2 146,2 167,2 134,2 093,1 966,1 890,1 851,1 778,1 753,1 671,1 600,1 566,1 529,1 500,1 463,1 353,1 313,1 310,1 289,,3 347,3 186,3 060,3 007,2 984,2 940,2 992,2 941,2 866,2 798,2 684,2 609,2 568,2 467,2 412,2 332,2 278,2 246,2 208,2 200,2 112,2 009,1 911,1 880,1 856,,4 288,4 159,3 942,3 814,3 754,3 678,3 687,3 673,3 650,3 618,3 525,3 392,3 312,3 242,3 144,3 041,2 962,2 910,2 897,2 905,2 807,2 703,2 626,2 600,2 532
11A1313,Póvoa de Varzim,1 741,1 667,1 594,1 492,1 430,1 369,1 356,1 335,1 288,1 297,1 312,1 290,1 268,1 228,1 156,1 130,1 105,1 100,1 099,1 078,1 055,1 004,960,941,912,,2 271,2 169,2 083,2 000,1 921,1 836,1 817,1 780,1 737,1 729,1 732,1 670,1 641,1 602,1 528,1 479,1 447,1 418,1 384,1 349,1 300,1 273,1 269,1 230,1 179,,2 759,2 652,2 539,2 457,2 321,2 234,2 202,2 191,2 174,2 121,2 117,2 049,2 013,1 961,1 880,1 862,1 793,1 718,1 667,1 606,1 556,1 541,1 510,1 482,1 450
11A0109,Santa Maria da Feira,1 181,1 104,1 057,976,905,889,865,851,863,907,885,882,856,799,771,739,706,702,694,691,698,677,655,648,628,,1 636,1 558,1 486,1 403,1 327,1 292,1 252,1 218,1 214,1 211,1 179,1 157,1 125,1 056,1 021,974,944,936,920,910,904,884,860,829,814,,1 961,1 875,1 793,1 700,1 595,1 550,1 505,1 479,1 461,1 473,1 440,1 400,1 367,1 286,1 237,1 191,1 149,1 125,1 105,1 084,1 070,1 053,1 024,1 000,985
11A1314,Santo Tirso,1 095,1 000,897,833,735,769,791,793,826,747,706,690,684,705,688,657,651,635,630,632,630,623,618,589,601,,1 651,1 483,1 346,1 291,1 197,1 194,1 204,1 178,1 178,1 119,1 055,994,986,1 009,1 000,1 000,951,895,870,856,857,867,846,838,833,,2 212,2 043,1 924,1 729,1 547,1 529,1 534,1 517,1 524,1 476,1 407,1 327,1 332,1 349,1 306,1 290,1 223,1 174,1 136,1 103,1 090,1 076,1 036,1 035,1 013
11A0116,São João da Madeira,1 355,1 099,1 030,1 002,916,914,847,809,791,783,790,833,804,743,703,657,651,667,703,708,668,655,632,613,594,,1 678,1 500,1 450,1 400,1 288,1 269,1 167,1 110,1 084,1 057,1 049,1 118,1 054,959,899,851,830,882,931,897,862,839,811,795,803,,2 060,1 879,1 787,1 690,1 617,1 594,1 464,1 395,1 344,1 311,1 371,1 393,1 353,1 269,1 180,1 126,1 082,1 139,1 159,1 136,1 118,1 113,1 073,1 049,1 046
11A1318,Trofa,1 319,1 334,1 330,1 279,1 095,1 080,1 009,956,947,901,883,901,883,818,834,753,745,745,694,708,694,658,663,663,663,,1 792,1 753,1 647,1 564,1 479,1 386,1 334,1 290,1 279,1 308,1 290,1 248,1 221,1 167,1 148,1 084,1 033,1 010,945,928,917,884,835,828,815,,2 161,2 128,2 006,1 929,1 839,1 645,1 584,1 579,1 552,1 592,1 585,1 582,1 578,1 484,1 455,1 339,1 272,1 230,1 169,1 124,1 100,1 054,1 026,1 017,1 000
11A0119,Vale de Cambra,727,691,691,603,598,593,585,605,723,772,826,736,656,636,571,539,488,459,525,481,465,518,507,495,539,,1 250,1 184,1 182,1 110,1 101,1 019,1 021,1 119,1 172,1 177,1 145,1 100,1 030,976,954,900,851,828,827,793,725,778,756,699,733,,1 710,1 625,1 485,1 374,1 436,1 417,1 446,1 446,1 426,1 408,1 399,1 353,1 268,1 212,1 188,1 139,1 094,1 085,1 035,1 063,1 001,1 028,1 037,1 011,993
11A1315,Valongo,1 675,1 619,1 555,1 508,1 470,1 386,1 354,1 296,1 267,1 236,1 200,1 173,1 136,1 109,1 053,993,933,922,928,928,922,885,851,821,776,,2 079,1 959,1 886,1 803,1 742,1 668,1 613,1 568,1 528,1 507,1 448,1 421,1 391,1 361,1 320,1 277,1 227,1 206,1 185,1 159,1 142,1 079,1 027,995,951,,2 430,2 320,2 186,2 078,2 011,1 936,1 878,1 804,1 768,1 735,1 681,1 649,1 600,1 582,1 552,1 528,1 497,1 455,1 407,1 362,1 339,1 274,1 228,1 187,1 122
11A1316,Vila do Conde,1 650,1 564,1 488,1 452,1 439,1 418,1 374,1 365,1 330,1 325,1 302,1 244,1 216,1 170,1 134,1 090,1 060,1 031,1 009,1 000,967,942,924,918,904,,2 163,2 104,2 008,1 975,1 911,1 874,1 846,1 797,1 736,1 711,1 688,1 630,1 586,1 512,1 458,1 438,1 406,1 382,1 316,1 273,1 233,1 183,1 138,1 136,1 124,,2 662,2 579,2 464,2 380,2 329,2 304,2 264,2 196,2 145,2 083,2 062,2 000,1 981,1 909,1 832,1 764,1 693,1 667,1 622,1 583,1 514,1 455,1 389,1 375,1 361
11A1317,Vila Nova de Gaia,1 927,1 818,1 786,1 697,1 650,1 592,1 512,1 460,1 404,1 373,1 328,1 309,1 292,1 224,1 157,1 096,1 050,1 020,1 010,976,950,903,871,858,826,,2 474,2 341,2 280,2 179,2 128,2 089,2 013,1 940,1 873,1 809,1 739,1 699,1 648,1 588,1 508,1 429,1 369,1 324,1 304,1 279,1 238,1 197,1 156,1 135,1 096,,3 030,2 897,2 824,2 709,2 659,2 619,2 535,2 471,2 358,2 278,2 167,2 105,2 062,2 000,1 915,1 820,1 745,1 675,1 652,1 638,1 577,1 524,1 475,1 452,1 414
11B,Alto Tâmega e Barroso,436,477,466,415,400,375,399,399,417,413,384,400,403,404,418,404,383,354,379,366,390,425,397,375,347,,881,909,860,833,817,759,766,752,735,744,722,735,738,715,682,660,641,617,624,625,641,651,633,619,600,,1 269,1 256,1 200,1 176,1 162,1 135,1 105,1 066,1 045,1 040,1 055,1 056,1 053,1 042,989,955,938,922,902,919,920,887,852,833,814
11B1702,Boticas,353,381,408,357,341,339,277,188,212,164,198,340,321,340,346,//,//,//,//,//,//,//,//,146,//,,631,666,714,568,542,512,446,414,471,391,415,495,490,518,552,//,//,//,//,//,//,//,//,260,//,,905,994,1 067,938,938,837,910,909,924,704,686,829,770,770,792,//,//,//,//,//,//,//,//,414,//
11B1703,Chaves,723,763,717,688,658,611,596,593,600,612,612,635,630,623,600,561,556,526,544,568,546,588,532,524,505,,1 151,1 111,1 045,1 014,1 000,973,938,903,887,886,896,911,916,919,879,829,796,763,785,803,797,791,727,706,679,,1 483,1 440,1 377,1 350,1 302,1 290,1 288,1 233,1 177,1 152,1 173,1 167,1 183,1 166,1 111,1 063,1 041,1 027,1 028,1 027,997,987,938,917,885
11B1706,Montalegre,288,288,222,202,222,251,288,327,330,339,330,304,333,259,194,238,206,222,252,253,291,315,291,268,252,,607,558,524,487,487,583,712,659,687,659,580,478,581,561,492,514,431,476,584,591,601,635,615,571,499,,1 172,1 162,1 098,974,1 000,982,1 026,981,947,887,880,844,859,794,700,713,678,652,774,883,1 034,903,903,830,701
11B1709,Ribeira de Pena,153,291,266,203,198,188,246,237,237,232,209,213,200,250,234,194,194,148,174,//,//,210,204,206,188,,385,663,710,789,758,517,528,467,435,435,326,403,403,426,426,450,462,442,491,//,//,517,467,433,332,,839,1 022,979,979,1 000,811,811,760,743,810,749,792,798,712,760,760,760,809,810,//,//,836,800,788,642
11B1712,Valpaços,282,308,300,284,265,225,232,289,270,245,200,200,200,254,254,254,234,192,183,149,174,210,200,199,193,,650,673,621,616,564,517,551,589,570,527,483,500,469,500,518,481,450,425,440,440,471,479,504,536,497,,997,1 024,923,957,875,800,852,823,830,838,731,770,764,755,701,656,641,620,629,610,645,660,690,703,664
11B1713,Vila Pouca de Aguiar,325,364,345,312,316,250,235,260,304,433,417,402,393,333,248,313,417,341,357,344,333,390,348,390,405,,736,791,795,709,767,573,518,565,569,714,628,625,625,595,655,595,595,556,525,528,521,542,601,604,626,,1 043,1 132,1 139,1 014,1 087,1 014,904,944,817,946,885,907,890,857,925,889,917,808,695,722,695,764,781,782,812
11C,Tâmega e Sousa,641,601,580,536,517,512,508,539,538,528,519,509,526,523,521,500,492,482,468,478,473,469,469,464,458,,1 185,1 115,1 069,1 010,983,952,933,939,913,902,887,863,859,852,825,795,780,754,750,753,749,724,705,692,675,,1 617,1 544,1 465,1 382,1 323,1 272,1 240,1 245,1 224,1 195,1 188,1 145,1 138,1 127,1 091,1 052,1 023,988,980,970,960,939,913,892,867
11C1301,Amarante,714,681,644,536,537,519,486,551,488,535,528,533,625,564,569,561,528,524,482,508,491,507,542,516,510,,1 176,1 111,1 052,963,962,901,857,906,861,882,888,900,928,893,848,814,767,763,763,763,750,758,742,727,722,,1 639,1 493,1 399,1 330,1 321,1 294,1 210,1 227,1 155,1 159,1 156,1 136,1 200,1 170,1 111,1 080,1 009,1 000,981,978,961,944,921,893,886
11C1302,Baião,385,359,340,299,304,299,298,291,291,283,249,275,368,369,409,364,319,345,320,333,326,303,307,308,280,,778,750,709,603,599,619,608,625,568,541,559,652,700,677,651,618,588,613,673,619,678,610,601,625,586,,1 185,1 152,1 103,1 061,1 036,1 052,1 054,1 050,1 009,1 060,1 061,1 011,1 056,987,982,984,912,958,962,953,986,865,814,838,796
11C0106,Castelo de Paiva,462,458,529,462,432,403,417,417,483,476,476,483,425,425,397,380,466,433,366,403,320,368,340,349,343,,962,1 000,1 076,987,886,837,808,892,916,903,943,943,917,960,857,804,802,754,667,687,654,632,623,645,623,,1 481,1 504,1 458,1 411,1 313,1 172,1 078,1 084,1 114,1 075,1 081,1 080,1 090,1 296,1 251,1 227,1 114,942,906,940,880,865,888,825,817
11C0305,Celorico de Basto,379,331,331,329,300,298,288,288,280,289,355,331,303,357,296,291,284,237,240,270,298,347,339,282,258,,813,713,728,731,669,641,619,617,686,677,679,671,632,657,628,622,615,469,518,580,596,679,594,489,473,,1 365,1 187,1 266,1 237,1 166,1 126,1 016,982,1 010,1 019,1 004,948,878,980,941,921,932,833,914,933,913,941,875,825,789
11C1804,Cinfães,242,201,200,192,189,182,166,175,199,242,214,243,195,147,163,167,193,224,231,250,256,164,161,139,145,,500,460,386,375,336,355,382,463,593,592,535,549,466,483,540,483,465,478,473,517,447,387,387,305,342,,985,891,821,753,646,758,847,1 000,1 085,1 049,943,951,874,960,952,929,857,833,767,809,787,668,671,643,634
11C1303,Felgueiras,649,650,618,592,579,564,574,622,625,641,595,572,583,593,604,591,564,537,512,504,515,500,521,533,499,,1 094,1 060,1 007,933,970,928,929,972,931,936,910,844,848,865,872,853,833,778,749,769,755,761,757,737,705,,1 514,1 447,1 407,1 336,1 318,1 240,1 214,1 224,1 222,1 223,1 214,1 195,1 155,1 162,1 136,1 095,1 062,997,963,965,958,958,946,938,902
11C1305,Lousada,866,820,803,811,811,811,754,664,672,625,698,672,629,629,600,590,583,559,551,514,551,570,562,536,501,,1 294,1 264,1 188,1 143,1 117,1 093,1 064,1 009,1 000,939,956,927,897,880,831,835,806,777,775,736,751,775,746,727,691,,1 609,1 525,1 473,1 388,1 339,1 320,1 296,1 272,1 234,1 143,1 156,1 149,1 101,1 087,1 029,1 000,989,983,983,949,971,964,938,896,853
11C1307,Marco de Canaveses,670,602,625,568,580,560,566,588,527,519,500,483,517,536,508,500,500,482,464,477,469,448,463,464,482,,1 271,1 210,1 160,1 018,991,936,940,960,918,913,874,863,860,829,820,792,778,758,750,750,739,705,705,686,691,,1 625,1 553,1 452,1 358,1 307,1 277,1 295,1 292,1 271,1 250,1 181,1 144,1 145,1 105,1 070,1 001,986,977,958,949,928,890,887,888,896
11C1309,Paços de Ferreira,1 051,1 032,975,897,810,748,710,722,717,717,708,713,740,701,660,585,571,563,560,566,573,585,585,583,542,,1 461,1 436,1 327,1 256,1 167,1 072,1 029,1 027,1 010,992,974,958,965,929,893,843,789,782,782,783,798,765,737,699,681,,1 807,1 765,1 646,1 573,1 440,1 302,1 241,1 261,1 265,1 261,1 253,1 175,1 170,1 130,1 082,1 024,969,951,926,926,954,929,908,875,816
11C1311,Penafiel,833,732,667,620,638,672,711,706,694,667,644,583,583,597,584,584,585,557,561,571,551,523,504,513,534,,1 422,1 304,1 192,1 132,1 124,1 117,1 085,1 071,1 070,1 026,1 000,939,915,931,905,895,889,841,846,849,813,782,757,756,749,,1 830,1 792,1 684,1 598,1 501,1 492,1 462,1 420,1 398,1 333,1 315,1 289,1 240,1 218,1 189,1 168,1 150,1 093,1 077,1 070,1 050,1 032,982,979,972
11C1813,Resende,254,277,286,268,254,216,204,214,216,214,224,224,176,197,167,174,236,250,282,269,194,197,168,171,164,,647,646,654,571,550,383,374,377,438,515,488,476,408,423,417,408,505,505,467,478,468,479,456,437,429,,975,994,1 014,984,991,933,864,847,901,948,882,867,821,821,772,800,797,714,708,691,741,768,709,697,668
11D,Douro,316,293,276,266,260,250,258,267,267,273,281,280,286,308,302,294,296,290,289,296,294,278,265,259,245,,769,705,665,640,622,617,627,641,654,676,675,653,653,655,650,644,636,591,581,588,586,597,589,586,571,,1 329,1 201,1 162,1 115,1 100,1 099,1 079,1 100,1 071,1 114,1 093,1 060,1 049,1 000,1 000,996,966,931,903,903,897,894,879,864,841
11D1701,Alijó,240,250,231,266,272,276,325,275,253,175,208,183,200,265,271,306,321,332,303,303,220,189,147,147,144,,492,446,458,466,460,464,499,495,482,439,600,537,600,597,607,665,615,520,457,452,400,421,370,370,341,,800,750,750,817,827,892,837,841,833,857,942,857,853,838,838,857,867,823,728,701,633,714,697,708,697
11D1801,Armamar,133,154,161,132,126,143,143,141,165,125,126,101,101,128,133,140,130,105,104,109,104,111,83,125,111,,471,438,375,226,208,263,262,386,400,257,279,233,203,262,242,306,270,306,306,337,358,358,389,352,283,,833,821,798,591,375,584,594,634,635,550,546,534,534,534,510,596,638,679,690,686,676,644,676,630,580
11D0403,Carrazeda de Ansiães,200,222,244,238,238,139,102,102,102,94,127,142,142,175,207,217,238,211,207,147,133,137,117,133,//,,308,395,587,625,448,308,254,254,322,350,373,330,361,374,368,400,443,345,357,319,255,216,187,187,//,,600,700,760,808,769,629,458,461,515,660,667,728,728,710,692,741,667,602,615,607,482,441,387,333,//
11D0404,Freixo de Espada à Cinta,98,100,215,255,190,178,178,//,//,150,//,//,//,//,171,245,//,//,//,//,//,//,//,//,//,,271,255,354,439,364,357,347,//,//,348,//,//,//,//,365,424,//,//,//,//,//,//,//,//,//,,567,406,577,735,577,573,560,//,//,685,//,//,//,//,753,753,//,//,//,//,//,//,//,//,//
11D1805,Lamego,442,409,354,329,300,315,329,345,337,319,326,332,357,422,435,409,379,361,334,357,361,357,373,408,360,,914,876,783,776,730,737,749,738,769,731,736,754,766,778,747,728,670,645,628,628,647,627,635,642,607,,1 316,1 246,1 182,1 132,1 088,1 086,1 071,1 075,1 088,1 065,1 033,969,950,969,936,906,883,831,832,829,856,838,835,855,800
11D1704,Mesão Frio,200,125,166,200,270,282,//,//,//,202,169,150,250,250,//,183,143,178,160,//,//,//,//,//,//,,536,392,342,401,500,513,//,//,//,583,489,444,536,466,//,493,437,500,500,//,//,//,//,//,//,,918,745,639,639,823,899,//,//,//,917,910,917,947,947,//,842,686,793,793,//,//,//,//,//,//
11D1807,Moimenta da Beira,269,260,187,211,209,200,216,201,179,158,150,158,167,206,206,195,190,245,278,285,185,144,142,95,117,,588,583,515,485,465,452,464,463,497,354,357,365,368,441,423,544,478,391,390,388,386,412,412,366,377,,968,956,906,864,759,750,782,750,817,638,630,627,637,683,703,715,715,666,616,609,631,667,663,613,582
11D1707,Murça,315,258,196,173,167,167,//,214,184,214,201,222,201,199,199,160,218,//,//,//,//,//,//,//,175,,585,429,357,343,324,326,//,384,424,447,447,481,485,464,485,361,419,//,//,//,//,//,//,//,459,,976,808,810,685,478,500,//,679,681,619,635,643,636,789,642,640,690,//,//,//,//,//,//,//,625
11D1812,Penedono,134,//,//,//,//,//,//,//,//,//,//,//,//,//,//,//,//,//,//,//,//,//,//,//,//,,318,//,//,//,//,//,//,//,//,//,//,//,//,//,//,//,//,//,//,//,//,//,//,//,//,,736,//,//,//,//,//,//,//,//,//,//,//,//,//,//,//,//,//,//,//,//,//,//,//,//
11D1708,Peso da Régua,417,421,351,331,275,290,327,395,508,577,575,479,500,400,397,430,394,385,394,375,375,462,434,492,455,,1 080,1 004,917,791,642,614,711,978,995,978,959,847,838,784,726,741,738,753,748,699,657,736,677,706,686,,1 431,1 361,1 319,1 247,1 081,1 121,1 189,1 213,1 175,1 189,1 091,1 071,1 071,1 035,1 062,1 049,1 058,1 054,1 027,1 026,948,928,880,853,831
11D1710,Sabrosa,404,333,288,275,274,275,258,258,237,238,240,240,250,191,273,247,250,234,250,265,259,278,185,185,188,,825,822,654,577,558,609,551,560,427,380,388,350,423,457,512,483,479,341,400,462,450,461,405,361,372,,1 191,1 250,1 129,969,819,906,866,906,798,624,665,694,764,837,837,788,707,655,637,714,714,804,804,567,603
11D1711,Santa Marta de Penaguião,274,290,217,203,200,170,242,242,//,280,251,251,249,247,249,260,248,218,218,179,218,//,//,//,//,,544,496,458,433,458,400,383,383,//,518,400,407,408,400,408,419,416,441,447,486,458,//,//,//,//,,792,786,886,792,783,783,702,702,//,687,656,656,656,632,740,769,759,702,711,696,696,//,//,//,//
11D1815,São João da Pesqueira,179,179,176,176,200,143,146,113,102,167,167,197,181,206,156,118,161,161,177,177,177,213,195,195,167,,491,420,418,417,420,343,358,300,286,356,363,365,363,411,307,338,321,286,316,311,307,349,349,378,366,,935,885,877,850,877,681,663,556,556,640,675,674,667,667,588,684,620,411,571,467,561,630,636,650,636
11D1818,Sernancelhe,111,125,116,108,100,83,93,96,96,75,95,75,75,125,84,102,102,99,125,54,54,91,63,122,//,,245,260,264,285,287,269,245,283,229,197,205,201,208,261,241,220,241,288,357,351,357,341,222,350,//,,454,429,421,444,467,467,491,490,490,443,490,437,475,528,485,527,509,412,462,455,462,518,518,582,//
11D1819,Tabuaço,333,278,230,230,151,89,89,89,90,138,153,138,158,213,138,146,146,//,//,//,//,//,//,//,171,,589,544,359,347,334,266,263,226,226,284,443,467,443,518,600,462,582,//,//,//,//,//,//,//,322,,1 006,952,667,672,664,650,659,629,603,663,783,783,675,781,781,769,799,//,//,//,//,//,//,//,536
11D1820,Tarouca,399,381,433,471,455,424,448,424,355,403,381,381,432,422,412,364,286,269,213,253,404,317,371,304,246,,707,726,752,723,700,646,666,688,687,688,625,625,626,598,592,578,531,485,425,543,572,572,572,554,357,,1 005,942,945,919,885,800,804,808,808,844,795,785,783,755,736,675,675,656,625,635,607,607,635,607,634
11D0409,Torre de Moncorvo,180,149,191,176,132,133,130,129,145,126,122,133,159,176,176,175,175,160,175,160,250,250,226,226,153,,338,300,347,301,313,317,290,306,306,330,345,400,358,346,339,320,321,388,424,420,434,451,373,393,320,,728,685,689,619,654,685,693,694,694,753,679,763,763,628,643,667,640,702,662,634,662,674,732,732,700
11D0914,Vila Nova de Foz Côa,200,191,200,235,217,217,129,129,129,151,184,184,153,167,182,167,188,146,126,120,114,120,136,140,143,,467,402,387,417,414,411,305,300,313,310,372,386,357,347,346,317,329,337,265,218,229,266,317,371,367,,764,724,660,778,788,783,647,599,590,625,642,594,502,508,471,417,533,496,496,501,462,520,573,580,577
11D1714,Vila Real,950,880,857,855,844,828,771,829,810,875,870,833,790,765,787,729,766,695,635,655,669,662,660,660,651,,1 519,1 333,1 310,1 310,1 335,1 338,1 305,1 343,1 271,1 310,1 228,1 206,1 198,1 111,1 167,1 094,1 053,1 004,941,952,957,946,935,903,875,,2 175,1 770,1 702,1 702,1 729,1 716,1 720,1 810,1 810,1 810,1 739,1 516,1 486,1 389,1 542,1 515,1 486,1 342,1 172,1 186,1 233,1 242,1 197,1 145,1 108
11E,Terras de Trás-os-Montes,385,395,373,333,329,300,306,329,335,361,386,389,412,396,384,361,334,333,334,353,369,357,365,356,341,,857,850,787,750,710,676,688,695,699,697,696,702,705,699,685,659,635,623,616,634,642,639,640,621,604,,1 244,1 205,1 156,1 118,1 073,1 039,1 034,1 028,1 019,984,985,975,972,958,938,908,867,860,852,867,870,849,845,834,817
11E0401,Alfândega da Fé,258,258,299,211,206,206,189,208,208,211,211,177,167,172,177,//,//,182,180,125,164,156,156,156,185,,418,382,408,408,417,336,329,322,331,403,407,400,407,424,490,//,//,508,500,497,501,285,285,284,314,,750,620,647,834,733,706,676,643,667,736,700,692,620,601,654,//,//,751,751,798,769,625,625,625,634
11E0402,Bragança,759,737,662,643,631,618,633,641,651,628,608,608,576,564,565,555,548,553,510,537,530,505,508,494,485,,1 134,1 094,1 022,986,932,934,928,913,899,850,844,844,850,826,811,772,745,744,718,740,752,724,726,702,682,,1 407,1 365,1 314,1 250,1 185,1 199,1 178,1 173,1 172,1 093,1 084,1 047,1 031,1 016,1 007,978,958,972,930,952,973,942,942,913,885
11E0405,Macedo de Cavaleiros,410,373,311,303,278,222,222,208,227,407,379,373,338,332,318,300,315,287,274,295,290,250,264,285,250,,797,754,694,684,624,533,527,514,540,588,591,606,596,606,596,536,527,518,575,576,578,578,558,526,464,,1 000,964,949,958,911,882,831,732,760,817,789,837,793,806,820,756,756,727,725,717,729,737,738,720,677
11E0406,Miranda do Douro,250,182,213,175,176,127,175,175,159,206,205,205,218,282,274,314,319,//,//,//,//,206,//,237,267,,547,512,512,478,471,332,308,313,299,377,377,363,358,416,438,429,437,//,//,//,//,400,//,419,446,,815,787,778,755,724,559,500,526,488,658,670,612,641,610,600,562,543,//,//,//,//,596,//,665,653
11E0407,Mirandela,435,528,455,409,395,344,356,382,417,383,385,435,459,467,459,445,417,410,366,425,438,441,450,462,479,,973,999,950,866,805,725,752,741,750,766,742,777,783,780,780,760,761,752,740,738,705,728,714,701,723,,1 285,1 287,1 271,1 250,1 209,1 130,1 129,1 090,1 091,1 063,1 043,1 036,1 033,1 033,1 011,1 000,1 000,970,981,960,930,908,866,859,862
11E0408,Mogadouro,161,137,192,189,177,197,162,162,175,146,190,190,162,164,100,100,78,75,200,222,224,247,178,210,152,,342,382,415,391,391,452,343,414,350,298,356,394,418,444,400,278,263,253,329,359,387,500,387,457,429,,800,758,758,750,759,761,669,800,770,579,710,719,729,739,710,602,564,451,551,686,730,759,750,702,689
11E0410,Vila Flor,270,267,270,171,135,122,100,101,123,169,196,204,196,208,168,168,167,//,121,125,//,125,123,137,143,,476,474,471,441,383,338,246,282,330,334,332,331,347,351,400,409,391,//,276,234,//,400,342,403,342,,831,769,792,764,667,681,540,510,525,494,489,452,497,659,682,682,659,//,526,533,//,533,500,524,510
11E0411,Vimioso,194,194,167,163,180,150,137,129,145,164,//,//,//,//,148,//,//,//,//,//,//,//,//,//,//,,430,367,299,266,316,250,250,263,301,333,//,//,//,//,289,//,//,//,//,//,//,//,//,//,//,,577,577,547,500,475,467,461,447,484,491,//,//,//,//,508,//,//,//,//,//,//,//,//,//,//
11E0412,Vinhais,163,167,163,169,171,155,184,187,250,270,284,249,188,161,78,71,161,125,140,178,146,240,285,217,209,,323,313,313,323,391,393,424,423,442,499,484,446,427,300,270,250,351,351,356,366,357,421,418,404,391,,684,622,580,559,563,573,638,635,718,723,729,718,684,616,600,545,445,458,464,506,583,612,583,558,541
19,Centro,603,581,559,532,500,486,477,473,484,486,495,506,516,519,515,504,497,495,492,501,511,501,502,493,480,,1 203,1 154,1 121,1 082,1 026,1 000,978,961,961,948,938,932,922,904,887,861,843,826,810,815,812,804,799,784,765,,1 845,1 769,1 710,1 659,1 591,1 544,1 522,1 492,1 481,1 452,1 419,1 393,1 358,1 324,1 289,1 250,1 220,1 191,1 168,1 156,1 142,1 127,1 109,1 083,1 063
191,Região de Aveiro,1 013,990,937,910,846,833,832,827,825,810,798,781,779,747,728,704,691,691,678,680,680,667,656,646,632,,1 591,1 534,1 461,1 422,1 372,1 348,1 329,1 285,1 283,1 251,1 219,1 189,1 158,1 105,1 069,1 038,1 008,993,977,964,944,917,900,890,875,,2 263,2 206,2 096,2 037,1 944,1 901,1 891,1 833,1 835,1 818,1 741,1 683,1 606,1 524,1 476,1 443,1 418,1 390,1 353,1 325,1 285,1 244,1 225,1 206,1 194
1910101,Águeda,679,660,600,537,544,572,575,623,590,559,586,583,573,587,545,499,541,555,544,550,549,539,537,537,515,,1 250,1 190,1 109,1 003,990,996,1 018,1 032,1 000,892,908,892,876,879,858,806,803,776,757,750,750,745,723,718,709,,1 659,1 600,1 523,1 416,1 401,1 364,1 344,1 340,1 329,1 268,1 235,1 205,1 182,1 156,1 114,1 072,1 053,1 006,972,941,924,921,902,888,878
1910102,Albergaria-a-Velha,874,763,765,730,731,705,640,648,616,668,633,630,571,522,500,500,500,501,534,534,575,625,615,595,583,,1 322,1 250,1 250,1 194,1 184,1 111,1 078,1 081,1 045,1 081,1 056,1 001,970,896,864,820,801,814,815,806,822,810,810,776,752,,1 736,1 543,1 463,1 429,1 406,1 375,1 306,1 299,1 250,1 267,1 237,1 201,1 188,1 144,1 125,1 075,1 049,1 038,1 020,992,989,983,953,933,913
1910103,Anadia,465,490,478,451,420,402,391,381,356,373,398,409,422,417,434,397,377,357,350,356,370,355,316,316,294,,856,841,858,790,776,761,682,714,654,661,719,734,761,752,762,707,657,628,612,627,628,619,566,551,542,,1 318,1 308,1 270,1 170,1 154,1 168,1 129,1 065,1 017,1 023,1 030,1 042,1 045,985,979,940,889,833,804,803,816,800,780,776,767
1910105,Aveiro,1 594,1 591,1 482,1 455,1 397,1 352,1 381,1 364,1 377,1 354,1 266,1 233,1 154,1 070,1 048,1 002,1 009,1 012,982,988,946,912,892,885,882,,2 343,2 365,2 238,2 222,2 096,1 942,1 984,1 918,1 912,1 977,1 803,1 768,1 613,1 497,1 452,1 417,1 433,1 439,1 378,1 342,1 284,1 243,1 209,1 182,1 205,,3 222,3 216,3 122,3 129,2 946,2 802,2 836,2 696,2 679,2 753,2 594,2 613,2 428,2 084,2 016,1 958,2 039,2 215,2 177,2 000,1 850,1 690,1 681,1 678,1 698
1910108,Estarreja,835,732,729,680,635,625,609,542,495,496,556,525,494,444,480,478,481,544,516,541,514,465,452,422,409,,1 296,1 223,1 190,1 148,1 071,1 028,954,940,950,996,964,903,857,786,785,803,780,849,808,816,800,775,711,693,665,,1 783,1 674,1 659,1 509,1 455,1 422,1 368,1 440,1 431,1 463,1 477,1 369,1 286,1 158,1 075,1 093,1 083,1 096,1 085,1 056,1 053,1 014,994,906,855
1910110,Ílhavo,1 535,1 435,1 346,1 319,1 203,1 277,1 240,1 173,1 210,1 149,1 107,1 091,1 061,1 031,977,961,918,854,859,864,859,850,851,803,794,,2 188,2 103,1 927,1 798,1 706,1 741,1 712,1 697,1 755,1 607,1 533,1 500,1 450,1 415,1 368,1 311,1 231,1 166,1 135,1 126,1 095,1 083,1 091,1 061,1 047,,2 903,2 805,2 625,2 458,2 374,2 385,2 400,2 400,2 452,2 336,2 263,2 131,1 988,1 950,1 902,1 719,1 582,1 521,1 515,1 515,1 459,1 434,1 489,1 429,1 398
1910112,Murtosa,816,798,807,824,753,606,547,578,596,618,659,613,673,703,643,660,625,604,604,556,541,533,482,533,500,,1 355,1 204,1 169,1 143,1 117,988,985,997,1 061,1 060,1 067,1 050,1 045,1 040,1 008,1 008,956,949,945,883,862,875,772,793,769,,1 702,1 649,1 572,1 549,1 422,1 480,1 430,1 380,1 384,1 348,1 406,1 406,1 402,1 406,1 331,1 294,1 331,1 253,1 168,1 135,1 143,1 143,1 106,1 124,1 055
1910114,Oliveira do Bairro,1 016,960,887,877,787,767,767,762,797,755,757,736,698,673,657,618,605,614,584,575,584,555,575,569,539,,1 337,1 292,1 242,1 200,1 130,1 105,1 096,1 067,1 056,1 020,1 006,964,922,890,861,839,817,799,782,762,739,718,713,710,703,,1 637,1 524,1 493,1 440,1 391,1 355,1 312,1 265,1 262,1 226,1 229,1 178,1 157,1 097,1 012,983,955,931,925,916,881,839,823,833,823
1910115,Ovar,1 164,1 189,1 131,1 100,1 000,966,974,950,914,837,857,847,865,857,817,812,779,776,775,768,781,761,752,747,721,,1 713,1 678,1 615,1 562,1 515,1 436,1 421,1 401,1 340,1 271,1 277,1 241,1 241,1 211,1 153,1 140,1 096,1 071,1 056,1 049,1 025,984,979,966,917,,2 150,2 071,1 983,1 938,1 907,1 835,1 782,1 772,1 736,1 667,1 647,1 587,1 582,1 525,1 473,1 446,1 377,1 363,1 333,1 303,1 297,1 256,1 232,1 222,1 164
1910117,Sever do Vouga,333,334,359,364,364,346,357,357,349,303,281,308,313,313,333,324,295,299,228,256,301,273,274,275,281,,769,811,765,740,703,690,695,698,710,576,519,485,487,633,659,644,584,568,543,535,571,500,489,493,481,,1 147,1 151,1 110,1 131,1 088,990,1 026,1 023,984,927,887,816,822,849,854,824,815,806,764,747,830,747,723,723,688
1910118,Vagos,1 250,1 226,1 143,1 015,864,850,850,886,888,860,860,867,899,881,878,809,730,731,640,651,665,666,687,677,664,,1 684,1 656,1 556,1 532,1 399,1 404,1 527,1 409,1 389,1 326,1 234,1 182,1 162,1 145,1 137,1 094,1 037,996,925,886,882,878,862,862,854,,2 160,2 096,1 999,1 987,1 970,1 957,1 976,1 840,1 755,1 676,1 545,1 527,1 521,1 479,1 424,1 364,1 304,1 261,1 213,1 121,1 070,1 059,1 053,1 055,1 051
192,Região de Coimbra,706,703,682,646,616,586,581,577,583,590,596,607,615,622,618,593,584,561,553,564,568,569,560,556,545,,1 372,1 331,1 291,1 245,1 188,1 146,1 117,1 102,1 086,1 065,1 061,1 054,1 043,1 027,1 001,966,942,909,892,904,909,900,883,863,846,,2 079,2 018,1 937,1 877,1 836,1 771,1 759,1 746,1 714,1 677,1 647,1 606,1 585,1 543,1 490,1 433,1 399,1 356,1 346,1 333,1 327,1 326,1 278,1 262,1 237
1920601,Arganil,309,374,314,296,268,250,270,289,293,265,256,273,249,259,271,242,275,275,246,234,224,224,196,225,181,,680,685,643,579,557,545,575,558,577,518,500,500,473,503,500,494,500,474,470,437,467,453,444,466,416,,1 029,1 032,963,940,919,953,992,954,936,863,841,815,795,814,807,753,733,670,669,676,710,714,701,709,693
1920602,Cantanhede,622,667,679,667,616,542,532,480,498,498,484,538,521,528,537,485,452,453,444,453,443,417,404,408,420,,1 108,1 114,1 100,1 042,1 000,931,872,815,822,797,772,825,803,810,811,777,761,774,764,770,768,714,694,676,680,,1 634,1 620,1 552,1 489,1 416,1 237,1 214,1 197,1 209,1 209,1 200,1 200,1 153,1 173,1 173,1 163,1 144,1 061,1 061,1 059,1 056,1 031,1 000,969,945
1920603,Coimbra,1 311,1 305,1 250,1 181,1 120,1 065,1 072,1 148,1 150,1 167,1 157,1 118,1 102,1 062,1 023,988,978,959,946,947,947,928,907,885,873,,2 095,2 011,1 895,1 813,1 791,1 729,1 748,1 786,1 734,1 733,1 699,1 677,1 664,1 588,1 497,1 435,1 389,1 351,1 354,1 343,1 333,1 343,1 302,1 284,1 254,,2 916,2 788,2 566,2 463,2 492,2 424,2 455,2 484,2 424,2 404,2 326,2 219,2 171,2 133,2 063,1 981,1 893,1 846,1 826,1 796,1 823,1 800,1 762,1 737,1 700
1920604,Condeixa-a-Nova,982,1 010,937,946,992,857,857,855,765,724,713,644,665,701,807,718,679,658,611,683,690,688,685,680,658,,1 524,1 470,1 420,1 404,1 366,1 321,1 320,1 269,1 199,1 157,1 103,1 054,1 054,1 067,1 062,1 009,956,942,940,941,948,892,852,838,835,,1 940,1 935,1 878,1 822,1 762,1 599,1 593,1 540,1 492,1 481,1 428,1 380,1 380,1 379,1 393,1 317,1 208,1 156,1 134,1 124,1 146,1 118,1 057,1 016,1 023
1920605,Figueira da Foz,1 165,1 105,1 095,1 062,1 019,985,968,971,968,954,933,907,871,843,834,789,771,740,737,751,750,738,726,707,675,,1 718,1 667,1 627,1 585,1 534,1 483,1 470,1 448,1 412,1 349,1 310,1 252,1 208,1 179,1 153,1 117,1 096,1 062,1 048,1 029,1 018,988,955,935,904,,2 241,2 207,2 157,2 178,2 146,2 074,2 026,1 940,1 892,1 885,1 810,1 711,1 624,1 552,1 513,1 461,1 427,1 393,1 392,1 391,1 361,1 330,1 255,1 221,1 199
1920606,Góis,351,256,258,267,251,238,197,146,204,197,229,243,250,337,243,203,149,124,134,152,152,139,139,133,116,,614,535,470,478,453,397,446,360,424,499,536,517,538,594,484,454,407,324,341,352,340,289,270,292,259,,916,881,799,792,824,799,739,717,722,773,827,806,847,864,772,735,735,631,591,595,586,538,502,509,502
1920607,Lousã,801,725,675,625,563,532,500,481,426,416,474,483,563,532,523,529,523,529,536,545,547,520,484,467,469,,1 333,1 215,1 173,1 065,1 012,992,864,833,817,833,859,852,855,820,797,753,729,699,707,711,712,685,657,631,625,,1 667,1 563,1 506,1 410,1 354,1 290,1 220,1 164,1 084,1 109,1 141,1 123,1 126,1 114,1 057,1 005,984,909,899,913,906,874,868,859,826
1920111,Mealhada,592,572,530,523,528,524,498,468,425,468,493,548,577,655,566,512,500,468,467,467,455,532,524,501,516,,1 133,1 035,1 006,977,984,923,860,760,749,805,855,892,869,865,827,807,791,743,718,702,694,752,757,747,755,,1 491,1 325,1 284,1 260,1 261,1 255,1 200,1 184,1 088,1 119,1 113,1 097,1 084,1 041,1 009,992,987,939,912,907,885,908,891,886,887
1920608,Mira,980,998,1 050,1 014,941,846,872,939,872,763,722,761,745,780,799,781,799,759,719,714,647,635,660,635,635,,1 472,1 477,1 479,1 434,1 344,1 341,1 347,1 318,1 317,1 256,1 176,1 182,1 182,1 189,1 250,1 250,1 246,1 151,1 040,1 000,918,902,891,852,889,,1 922,1 951,1 899,1 858,1 765,1 747,1 747,1 735,1 742,1 733,1 537,1 578,1 578,1 598,1 597,1 577,1 597,1 443,1 373,1 316,1 206,1 200,1 123,1 109,1 130
1920609,Miranda do Corvo,341,361,332,340,379,315,326,306,303,413,427,416,431,379,357,313,290,292,278,301,303,356,397,352,313,,887,905,865,781,733,682,658,613,611,636,598,643,642,628,619,578,571,544,543,588,563,556,543,481,473,,1 235,1 230,1 232,1 154,1 129,1 073,1 027,882,866,826,858,882,851,849,837,782,754,740,759,811,787,750,702,667,658
1920610,Montemor-o-Velho,625,625,521,512,469,494,471,456,494,475,475,440,394,394,412,486,533,529,514,471,471,477,496,555,537,,1 109,1 104,1 059,1 030,955,970,921,891,912,865,843,809,760,763,746,778,769,742,745,742,750,750,778,792,791,,1 541,1 497,1 414,1 378,1 304,1 289,1 274,1 231,1 248,1 236,1 197,1 156,1 068,1 011,981,973,947,930,942,948,953,956,969,902,898
1921808,Mortágua,356,349,396,324,373,373,218,286,274,294,396,440,397,395,292,316,320,226,248,177,177,213,210,250,250,,736,691,754,675,675,758,557,565,583,565,623,676,637,594,560,545,542,434,516,465,432,444,418,468,478,,1 168,1 010,1 086,990,962,990,962,962,962,863,898,898,923,916,865,724,724,696,719,714,660,723,702,733,714
1920611,Oliveira do Hospital,333,320,296,294,281,308,313,305,324,305,254,299,320,350,357,348,325,250,268,256,269,286,290,290,286,,729,754,708,704,682,644,647,652,652,658,627,609,656,666,667,620,588,528,536,549,593,566,547,537,530,,1 183,1 183,1 197,1 212,1 163,1 090,1 023,979,927,909,833,841,918,916,925,896,846,813,831,845,848,832,799,763,729
1920612,Pampilhosa da Serra,196,194,170,130,175,143,152,146,124,136,145,145,143,144,144,131,131,131,124,149,//,106,//,132,147,,324,312,303,251,274,220,224,224,228,298,301,349,333,306,307,258,244,231,207,244,//,265,//,253,253,,697,656,544,450,525,433,500,465,500,603,603,692,663,663,545,532,429,429,477,500,//,480,//,444,480
1920613,Penacova,310,310,317,271,248,245,249,242,250,289,277,350,363,361,360,246,236,283,249,271,271,171,170,198,224,,594,580,594,558,590,580,533,536,524,570,542,608,580,580,545,533,524,516,518,509,503,445,370,438,429,,983,956,973,885,868,817,771,769,754,773,845,856,851,813,732,718,721,689,680,655,663,652,604,604,608
1920614,Penela,381,392,397,421,465,436,284,282,260,259,286,248,316,318,381,400,374,329,302,297,297,263,165,194,228,,759,811,828,828,828,800,723,675,520,562,593,632,663,671,680,656,606,589,583,536,590,586,523,521,529,,1 297,1 297,1 268,1 149,1 149,1 170,1 193,1 217,1 060,1 148,920,938,941,920,973,859,831,859,831,849,864,789,750,730,752
1920615,Soure,480,432,431,395,378,322,326,328,326,364,368,364,377,354,328,363,385,359,413,377,321,381,289,392,405,,852,800,789,742,723,673,667,599,594,662,665,672,669,637,600,568,612,563,611,615,570,634,556,600,622,,1 247,1 176,1 175,1 133,1 053,1 036,1 023,954,898,917,871,880,882,850,817,800,782,746,782,750,738,759,713,740,723
1920616,Tábua,282,309,277,280,244,244,259,220,271,239,239,283,281,267,251,268,271,307,323,326,288,277,280,257,255,,751,776,705,669,606,576,581,570,618,600,625,636,604,602,579,565,584,587,565,565,552,519,527,527,506,,1 095,1 138,1 074,1 062,1 051,980,885,844,819,800,819,819,808,850,837,837,844,826,801,786,784,705,705,715,677
1920617,Vila Nova de Poiares,500,430,423,403,422,462,425,471,471,397,422,428,438,448,432,310,300,297,283,356,348,372,394,331,331,,945,867,750,750,714,722,724,730,731,730,718,674,661,626,630,597,538,500,487,560,554,568,570,533,540,,1 225,1 170,1 101,1 088,1 060,1 050,1 005,977,1 002,990,1 000,994,897,847,846,791,764,729,687,721,702,708,708,693,696
193,Região de Leiria,822,775,755,715,672,671,648,651,664,653,654,658,644,626,616,583,580,581,581,600,594,592,590,566,548,,1 414,1 338,1 290,1 242,1 190,1 171,1 144,1 128,1 138,1 097,1 068,1 038,1 009,974,946,905,893,875,857,864,851,849,841,818,797,,1 973,1 853,1 777,1 722,1 658,1 626,1 592,1 563,1 561,1 508,1 460,1 419,1 359,1 329,1 286,1 235,1 210,1 177,1 158,1 165,1 149,1 144,1 119,1 079,1 044
1931002,Alvaiázere,390,321,300,274,232,277,279,293,293,276,262,233,218,236,200,218,191,188,224,214,214,226,224,226,238,,644,600,612,603,573,606,570,512,515,492,478,423,396,396,392,467,456,434,446,445,419,448,457,386,466,,1 125,1 036,1 031,974,879,896,846,845,833,817,748,744,766,766,748,769,691,668,658,750,738,773,786,678,692
1931003,Ansião,317,317,310,258,262,222,218,275,282,306,314,300,246,206,240,236,250,250,239,238,256,347,327,330,317,,701,625,634,593,562,497,404,452,481,542,599,620,620,547,504,474,500,472,497,486,486,497,477,482,456,,1 192,1 125,1 109,1 079,948,902,810,784,831,832,895,948,975,867,758,714,718,756,761,749,749,749,708,759,755
1931004,Batalha,721,667,547,604,541,608,633,531,500,429,486,504,516,540,516,475,516,516,463,455,463,463,527,526,487,,1 366,1 237,1 158,1 143,950,1 051,1 048,959,998,825,789,829,940,927,917,824,824,819,817,814,752,731,756,762,752,,1 759,1 588,1 506,1 473,1 444,1 450,1 405,1 303,1 291,1 244,1 204,1 183,1 250,1 218,1 250,1 164,1 101,1 068,1 018,1 014,946,939,944,939,890
1931007,Castanheira de Pêra,353,289,322,289,250,262,250,275,231,253,231,231,277,225,213,190,200,213,284,350,361,230,//,//,//,,659,497,527,486,430,440,352,403,446,434,493,460,393,444,405,357,378,388,478,545,592,545,//,//,//,,1 028,833,995,901,794,859,663,624,624,619,613,696,590,587,659,659,659,735,735,735,757,757,//,//,//
1931008,Figueiró dos Vinhos,279,279,290,339,335,335,309,332,367,330,330,300,297,321,325,325,300,267,250,213,241,180,155,160,229,,639,576,565,629,595,595,621,606,630,580,551,524,517,528,503,524,544,534,539,547,512,391,322,335,391,,1 050,930,992,1 006,951,1 004,1 000,984,1 040,995,971,850,785,844,765,765,828,807,750,813,730,625,574,590,717
1931009,Leiria,1 239,1 135,1 112,1 083,1 051,1 064,1 040,1 006,1 005,986,969,964,927,886,854,810,810,785,758,769,758,756,759,738,717,,1 814,1 707,1 640,1 546,1 486,1 465,1 450,1 438,1 416,1 368,1 331,1 306,1 247,1 222,1 168,1 108,1 097,1 052,1 037,1 036,1 027,1 027,1 000,983,955,,2 333,2 232,2 143,2 039,1 955,1 907,1 877,1 827,1 826,1 757,1 714,1 680,1 598,1 545,1 475,1 412,1 398,1 348,1 320,1 313,1 292,1 285,1 255,1 223,1 197
1931010,Marinha Grande,1 117,1 064,972,949,890,866,888,886,897,880,803,802,771,741,722,657,630,631,625,640,641,613,595,577,556,,1 435,1 366,1 304,1 248,1 186,1 152,1 140,1 127,1 136,1 107,1 042,1 025,977,935,916,864,833,821,791,806,797,780,778,751,741,,1 707,1 661,1 598,1 554,1 509,1 463,1 443,1 404,1 398,1 343,1 253,1 229,1 195,1 168,1 139,1 110,1 058,1 039,992,1 000,998,969,958,928,917
1931013,Pedrógão Grande,315,320,312,340,309,309,288,284,292,278,250,223,211,202,202,247,260,253,253,211,238,293,200,160,160,,616,630,607,642,582,569,548,514,536,543,570,535,481,430,431,422,470,494,495,475,495,522,425,372,337,,1 061,1 054,1 055,1 061,946,984,869,913,913,1 006,1 000,913,908,774,790,764,890,750,725,732,750,1 004,884,667,566
1931015,Pombal,662,624,587,556,551,540,490,501,501,466,471,455,450,482,483,522,524,508,504,490,460,487,465,462,414,,1 136,1 119,1 082,1 061,1 031,1 021,977,973,980,941,920,878,868,828,804,834,826,820,815,794,780,779,770,737,709,,1 677,1 591,1 511,1 500,1 498,1 488,1 462,1 476,1 469,1 352,1 334,1 235,1 213,1 165,1 133,1 133,1 139,1 109,1 071,1 043,1 054,1 037,1 040,1 020,967
1931016,Porto de Mós,673,600,534,500,465,429,400,376,384,417,463,500,483,475,455,434,412,407,415,409,431,440,431,400,380,,1 156,1 102,1 000,902,833,752,667,670,714,700,750,772,737,752,700,649,635,617,621,619,620,599,590,560,556,,1 561,1 468,1 343,1 282,1 222,1 163,1 102,1 112,1 066,1 048,1 051,994,961,957,944,917,870,849,827,822,823,822,800,743,743
194,Viseu Dão Lafões,457,433,421,397,380,370,356,345,362,364,369,395,395,399,398,385,397,390,398,412,382,400,406,405,408,,961,905,893,847,809,790,780,756,753,752,734,753,767,765,780,764,748,730,714,732,711,722,726,714,708,,1 553,1 469,1 458,1 391,1 351,1 301,1 264,1 233,1 216,1 205,1 176,1 178,1 182,1 158,1 146,1 132,1 114,1 078,1 048,1 051,1 004,1 007,1 002,970,962
1940901,Aguiar da Beira,185,286,261,172,178,162,126,127,133,133,175,227,140,121,117,114,116,//,//,//,//,//,//,//,//,,410,410,446,448,438,362,291,278,343,396,400,428,340,305,295,253,300,//,//,//,//,//,//,//,//,,758,763,957,804,811,762,629,625,655,678,833,833,561,449,449,475,507,//,//,//,//,//,//,//,//
1941802,Carregal do Sal,336,336,266,250,238,250,278,253,283,256,253,313,292,243,281,206,182,251,251,286,288,279,204,218,223,,674,651,604,571,528,496,535,493,541,533,514,543,522,510,522,472,450,455,432,455,469,479,379,426,447,,981,1 000,981,1 022,1 000,905,882,858,843,870,778,825,760,708,731,671,677,680,627,649,652,653,580,560,580
1941803,Castro Daire,369,368,296,278,278,244,242,234,213,213,232,250,223,272,258,243,279,313,313,316,219,245,221,245,250,,669,637,553,532,506,473,465,457,423,423,500,526,528,548,514,433,486,511,517,521,485,500,459,469,485,,995,995,959,946,856,813,813,814,778,805,766,766,769,765,763,668,667,658,653,654,640,687,679,687,710
1941806,Mangualde,314,322,334,314,264,245,209,208,208,201,205,237,242,242,242,234,286,303,344,357,276,266,289,291,306,,694,666,627,591,559,518,519,529,546,524,527,544,553,558,537,532,554,559,605,607,566,558,532,548,514,,1 152,1 081,1 063,984,943,865,852,859,853,833,810,781,791,791,791,786,793,805,799,785,752,750,748,756,742
1941809,Nelas,422,405,397,382,347,342,324,274,324,324,321,300,294,298,294,299,301,286,284,286,271,267,243,225,227,,807,791,745,723,690,645,645,553,579,580,593,582,539,523,482,503,481,485,481,493,514,514,506,504,504,,1 142,1 078,1 038,1 016,988,897,868,845,843,838,828,821,814,814,759,755,683,683,683,679,671,667,680,685,694
1941810,Oliveira de Frades,500,510,488,466,466,333,291,288,316,296,286,347,314,335,389,396,396,399,399,327,342,318,338,439,468,,975,865,850,848,847,764,737,624,603,662,643,670,683,580,580,585,578,621,609,609,597,601,667,658,658,,1 349,1 306,1 204,1 197,1 148,1 086,1 091,1 078,1 023,1 015,975,975,976,946,948,946,875,918,913,878,903,872,897,834,827
1941811,Penalva do Castelo,202,205,247,181,175,162,190,183,143,128,125,121,178,231,247,282,282,267,179,167,167,111,111,110,102,,400,358,429,398,422,451,451,479,432,365,361,398,441,543,554,575,569,542,498,490,358,255,259,276,348,,807,802,885,820,761,738,738,759,759,754,708,702,741,750,723,721,716,723,735,798,821,545,612,612,729
1941814,Santa Comba Dão,359,348,359,342,357,339,300,268,249,292,271,309,331,271,267,260,260,290,306,297,314,300,280,277,237,,720,715,773,763,763,695,525,513,484,525,517,522,541,517,500,480,477,519,536,550,610,552,474,474,462,,1 053,995,1 158,1 176,1 215,1 205,898,841,763,763,752,767,809,795,794,777,764,775,777,786,777,768,742,719,691
1941816,São Pedro do Sul,403,381,356,385,388,386,352,347,371,345,448,448,453,470,363,357,357,250,306,388,282,489,313,298,295,,909,845,769,759,784,812,787,755,828,775,835,831,794,842,797,803,769,698,681,699,667,675,650,645,641,,1 500,1 457,1 286,1 243,1 275,1 263,1 257,1 240,1 308,1 250,1 276,1 236,1 150,1 172,1 132,1 109,1 093,1 007,882,913,943,892,888,851,833
1941817,Sátão,309,319,343,278,266,206,181,208,262,299,242,300,207,209,218,209,252,201,212,200,204,214,214,175,170,,703,701,705,639,593,506,462,469,514,495,533,552,481,501,482,453,452,437,450,461,467,465,478,439,429,,1 019,1 000,944,868,853,723,672,660,776,818,780,800,719,687,644,638,636,619,618,650,656,652,655,591,584
1941821,Tondela,361,347,347,325,263,278,273,275,306,283,301,313,296,294,246,242,279,269,296,270,254,265,284,278,305,,771,750,739,658,616,600,614,610,606,576,582,623,639,686,684,692,670,623,641,600,554,550,543,534,539,,1 238,1 270,1 244,1 158,1 106,1 034,1 045,1 054,1 057,1 033,960,991,1 000,1 039,1 056,1 035,1 021,885,861,854,812,833,833,812,811
1941822,Vila Nova de Paiva,138,138,281,265,216,173,176,250,327,219,133,133,138,167,//,284,//,//,//,//,//,//,//,//,//,,374,398,489,524,477,425,449,477,498,452,340,283,279,286,//,446,//,//,//,//,//,//,//,//,//,,740,755,867,872,822,804,822,813,833,737,513,462,451,455,//,578,//,//,//,//,//,//,//,//,//
1941823,Viseu,977,858,828,765,685,734,731,687,704,677,665,698,746,764,778,755,729,702,685,722,706,714,722,709,688,,1 553,1 459,1 426,1 354,1 273,1 258,1 232,1 198,1 185,1 169,1 137,1 150,1 150,1 116,1 084,1 065,1 042,1 010,988,1 000,962,964,958,930,922,,2 057,1 957,1 901,1 848,1 754,1 750,1 727,1 626,1 598,1 566,1 505,1 501,1 493,1 456,1 437,1 399,1 339,1 316,1 300,1 287,1 235,1 236,1 204,1 152,1 151
1941824,Vouzela,276,281,190,219,219,154,251,267,284,290,280,234,208,233,200,201,200,211,258,241,245,238,307,313,315,,680,587,516,523,516,557,707,655,640,603,556,463,439,463,422,490,505,492,426,409,418,428,497,531,500,,1 144,1 117,942,875,856,927,1 121,1 125,1 090,1 063,971,889,826,833,775,749,752,706,706,682,672,707,682,707,715
195,Beira Baixa,343,318,296,271,256,250,250,260,263,264,274,277,282,286,273,270,268,268,276,284,300,301,302,304,278,,741,709,673,619,583,565,556,555,556,558,572,595,618,615,600,588,580,575,568,583,580,585,590,590,573,,1 204,1 127,1 087,1 059,1 011,996,973,972,953,940,955,941,943,926,895,862,849,837,827,833,813,819,803,810,798
1950502,Castelo Branco,500,456,422,376,351,340,350,353,367,379,392,392,398,436,404,418,414,400,430,435,438,446,427,447,424,,966,880,833,796,743,724,735,747,742,741,728,721,731,733,725,708,696,667,670,685,670,666,658,671,641,,1 310,1 239,1 191,1 179,1 135,1 135,1 090,1 093,1 049,1 036,1 044,1 021,1 032,1 032,1 011,983,956,923,912,906,876,873,867,891,880
1950505,Idanha-a-Nova,183,168,148,137,122,119,122,141,143,119,121,121,128,149,144,147,139,119,127,130,147,166,176,124,111,,412,359,331,268,274,254,274,304,278,290,319,299,312,323,304,330,316,278,238,249,263,263,284,280,267,,742,653,557,500,500,504,518,512,500,505,551,547,548,631,573,595,590,547,507,526,554,554,625,596,516
1950506,Oleiros,177,228,235,223,234,230,225,267,//,201,212,201,210,148,132,136,132,180,180,186,190,190,227,190,142,,487,490,500,428,460,426,429,570,//,506,401,375,409,347,378,356,276,308,301,314,333,375,363,323,281,,1 004,941,944,903,940,940,833,921,//,804,784,672,687,584,633,627,601,631,571,559,526,516,520,511,500
1950507,Penamacor,240,225,217,178,167,136,125,158,168,167,152,151,152,156,155,167,155,153,121,120,123,105,109,89,101,,408,396,411,324,300,283,267,281,314,301,329,270,261,269,259,261,229,222,213,212,225,225,235,224,247,,723,733,850,663,600,535,472,500,527,517,514,497,480,517,483,507,500,433,408,367,405,486,486,431,469
1950508,Proença-a-Nova,304,265,259,264,300,320,435,320,211,205,211,265,350,350,365,284,242,241,239,336,413,298,247,247,247,,569,573,522,593,627,635,671,611,449,430,372,475,588,571,592,476,450,517,477,532,565,445,428,413,391,,885,829,825,904,905,864,861,824,704,678,630,741,753,723,751,671,648,712,648,692,755,690,716,690,622
1950511,Vila Velha de Ródão,216,165,141,123,136,162,175,180,157,127,121,121,123,142,147,147,159,131,135,143,127,93,110,123,167,,446,388,346,340,325,313,289,288,273,278,256,234,234,219,219,224,306,300,459,438,267,321,331,290,321,,735,652,599,594,594,583,471,486,450,435,461,464,461,461,405,405,651,653,653,653,520,520,513,476,549
1950509,Sertã,421,476,451,460,439,395,419,393,390,359,368,386,427,360,339,313,300,333,309,320,350,365,325,353,354,,852,881,848,854,857,799,762,683,612,640,723,753,760,742,718,667,571,600,556,567,589,613,595,599,613,,1 239,1 200,1 203,1 199,1 154,1 148,1 080,1 033,1 008,1 001,1 028,1 026,1 025,1 001,911,857,844,843,830,816,811,835,820,804,806
1950510,Vila de Rei,342,325,231,208,162,153,167,160,170,206,182,226,201,180,180,164,165,169,171,253,253,171,94,107,93,,609,554,411,411,433,373,400,335,400,463,453,515,439,389,389,352,346,427,418,515,521,407,521,484,300,,1 277,1 043,949,927,742,687,803,765,909,921,921,1 017,917,823,704,655,648,632,640,685,685,652,663,623,584
196,Beiras e Serra da Estrela,317,310,300,293,275,257,257,250,260,267,262,261,269,269,264,274,250,250,251,248,275,267,274,267,260,,690,663,645,625,595,570,575,558,573,575,564,578,570,578,576,575,550,545,542,527,569,535,544,529,515,,1 213,1 170,1 143,1 105,1 043,991,966,940,941,942,918,911,900,879,880,875,854,853,832,816,833,811,817,807,787
1960902,Almeida,170,161,161,194,145,238,224,146,181,143,118,107,107,111,145,152,138,138,163,163,165,184,123,143,125,,321,275,296,335,335,383,403,313,336,284,252,233,233,250,234,232,230,230,239,240,249,361,259,314,317,,531,508,512,517,504,625,677,571,565,491,385,404,387,392,465,463,463,462,469,444,485,513,484,503,536
1960501,Belmonte,298,321,316,321,300,294,313,320,337,373,348,313,300,264,278,250,271,270,271,300,297,297,250,250,250,,619,610,679,679,556,556,593,592,625,639,612,600,501,480,455,415,442,443,478,494,442,474,400,397,391,,947,936,972,945,869,922,890,924,973,977,1 038,939,845,722,621,582,617,568,647,717,557,650,556,554,515
1960903,Celorico da Beira,189,189,191,200,184,164,155,138,142,154,150,154,181,181,161,168,158,138,148,139,161,199,152,120,95,,494,367,386,367,363,398,365,339,295,317,309,356,370,356,340,333,285,241,343,307,347,332,287,232,214,,733,664,639,604,632,633,623,606,575,611,645,663,668,664,555,558,550,488,567,508,519,535,452,442,450
1960503,Covilhã,502,500,500,496,438,389,435,398,435,454,459,479,495,518,526,526,419,418,413,390,487,450,488,458,440,,1 114,1 040,1 023,946,870,800,809,811,824,828,814,792,776,777,782,770,731,715,689,667,722,710,727,708,672,,1 545,1 498,1 474,1 405,1 323,1 228,1 212,1 188,1 176,1 187,1 126,1 121,1 091,1 078,1 085,1 057,1 025,1 006,954,915,971,934,995,966,931
1960904,Figueira de Castelo Rodrigo,87,83,94,96,95,113,91,70,70,73,88,86,89,79,83,79,71,74,80,123,100,80,66,63,78,,263,246,203,190,240,250,229,209,185,140,209,143,192,171,177,177,156,200,189,222,167,167,134,130,156,,500,432,375,375,433,472,427,427,352,313,370,390,498,500,443,375,367,417,458,500,427,404,429,461,516
1960905,Fornos de Algodres,273,271,183,96,74,68,202,225,201,170,115,132,143,100,112,88,83,71,71,//,//,//,//,//,//,,464,432,379,332,291,284,359,389,405,378,215,217,218,202,237,224,159,246,233,//,//,//,//,//,//,,784,690,697,596,489,650,670,643,618,566,459,464,469,353,519,457,388,390,388,//,//,//,//,//,//
1960504,Fundão,354,343,354,356,347,328,297,281,289,296,278,297,283,282,285,284,310,313,305,305,307,312,320,304,291,,774,656,719,733,742,749,695,633,606,616,587,595,556,511,508,500,518,576,613,603,610,589,595,598,601,,1 278,1 233,1 218,1 241,1 241,1 225,1 167,1 026,984,979,951,937,931,856,849,840,848,895,905,874,859,796,803,875,852
1960906,Gouveia,274,254,256,256,211,214,192,183,210,202,210,222,227,225,192,165,145,172,172,167,160,110,100,125,110,,500,484,469,454,418,417,456,425,446,408,397,409,416,435,421,397,353,395,396,380,385,250,299,318,280,,781,763,726,701,669,685,714,712,720,666,627,627,625,657,625,607,607,602,602,588,587,521,523,524,523
1960907,Guarda,452,491,480,432,406,378,379,360,350,350,385,442,487,512,490,458,428,417,400,400,431,410,430,429,417,,950,973,954,910,835,782,727,712,706,706,737,748,746,746,731,731,727,706,666,656,660,648,643,648,618,,1 329,1 301,1 257,1 202,1 163,1 131,1 102,1 051,1 025,1 092,1 090,1 034,1 036,1 029,1 021,1 020,991,953,924,899,905,888,880,859,842
1960908,Manteigas,226,248,208,167,200,166,175,226,226,228,//,//,211,269,270,302,225,210,208,//,//,//,//,//,//,,397,416,324,367,389,344,339,403,329,349,//,//,366,375,386,390,413,375,341,//,//,//,//,//,//,,1 000,607,548,558,605,559,589,626,626,606,//,//,516,569,873,807,680,560,543,//,//,//,//,//,//
1960909,Mêda,173,175,150,200,238,118,53,43,53,66,110,124,121,120,118,115,143,120,146,146,103,122,97,95,98,,411,392,351,369,416,356,309,156,156,163,233,284,234,252,243,255,306,296,270,270,237,276,286,239,387,,801,716,586,580,606,504,476,460,417,464,568,523,462,568,427,530,556,556,556,469,500,484,469,500,507
1960910,Pinhel,216,189,200,180,171,149,138,122,114,87,120,100,94,140,122,128,139,128,130,148,143,120,120,117,102,,476,411,374,379,360,368,371,324,315,280,286,250,264,297,321,321,325,268,273,362,290,290,250,216,219,,809,821,758,625,578,576,576,546,587,520,536,536,535,649,658,614,614,522,522,575,574,574,539,477,440
1960911,Sabugal,244,211,207,163,155,147,156,185,213,226,200,158,150,144,166,180,167,150,150,169,184,179,172,133,117,,402,418,376,332,289,276,322,341,391,400,356,333,297,278,272,293,270,247,300,317,332,339,310,292,268,,661,645,628,572,516,500,526,523,630,669,590,586,552,552,575,603,550,481,541,475,475,474,411,411,419
1960912,Seia,353,326,302,269,269,259,269,278,286,286,286,256,233,230,217,250,246,250,251,240,240,238,235,209,189,,699,625,563,517,517,497,500,519,527,519,519,504,489,495,490,454,442,440,429,439,471,403,404,377,358,,1 015,949,916,886,839,789,795,819,867,854,795,752,708,714,716,691,686,683,675,683,682,641,615,610,575
1960913,Trancoso,202,155,136,188,138,173,173,173,181,151,151,129,148,129,105,105,86,86,82,69,72,115,140,140,140,,469,388,408,435,417,433,362,353,357,314,400,311,345,309,295,302,203,222,218,218,266,279,294,326,299,,813,723,712,714,668,794,720,784,746,625,670,600,667,662,594,670,594,586,499,413,476,527,500,500,515
1D,Oeste e Vale do Tejo,936,892,847,787,746,714,693,694,685,665,649,639,621,617,606,586,587,575,567,565,565,549,538,536,520,,1 547,1 471,1 400,1 335,1 281,1 229,1 190,1 165,1 140,1 105,1 067,1 038,1 010,993,965,923,906,883,867,865,866,847,831,815,791,,2 142,2 023,1 932,1 850,1 790,1 739,1 671,1 649,1 618,1 580,1 537,1 491,1 450,1 406,1 366,1 316,1 280,1 239,1 208,1 187,1 184,1 150,1 123,1 103,1 069
1D1,Oeste,1 263,1 204,1 157,1 094,1 039,1 007,968,957,939,894,860,844,826,831,806,770,762,741,726,719,708,681,670,664,649,,1 926,1 818,1 744,1 676,1 613,1 566,1 519,1 497,1 469,1 414,1 372,1 340,1 297,1 268,1 225,1 173,1 138,1 086,1 055,1 030,1 019,995,969,952,929,,2 517,2 410,2 307,2 202,2 125,2 065,2 011,2 000,1 957,1 910,1 857,1 789,1 743,1 693,1 631,1 545,1 494,1 450,1 408,1 364,1 343,1 304,1 267,1 250,1 223
1D11001,Alcobaça,1 089,1 019,893,840,813,800,806,802,781,712,667,679,656,685,694,667,670,632,596,595,600,595,600,600,557,,1 750,1 638,1 507,1 428,1 339,1 319,1 303,1 284,1 274,1 204,1 124,1 076,1 065,1 065,1 076,1 055,1 035,974,909,894,887,860,858,845,826,,2 493,2 311,2 160,2 061,1 900,1 895,1 904,1 914,1 901,1 840,1 717,1 661,1 600,1 530,1 520,1 459,1 453,1 413,1 350,1 316,1 255,1 244,1 244,1 286,1 250
1D11101,Alenquer,1 032,994,968,897,868,882,931,917,847,702,671,677,681,712,688,661,658,654,664,641,666,637,584,582,570,,1 798,1 707,1 628,1 576,1 534,1 500,1 474,1 440,1 389,1 293,1 235,1 213,1 165,1 149,1 070,986,953,910,910,910,920,905,861,849,806,,2 257,2 071,1 964,1 878,1 822,1 790,1 776,1 739,1 688,1 603,1 566,1 525,1 475,1 429,1 379,1 312,1 269,1 186,1 167,1 150,1 129,1 105,1 085,1 058,1 022
1D11102,Arruda dos Vinhos,1 131,922,870,977,988,1 130,1 029,1 015,891,891,980,980,937,861,861,966,968,919,721,663,622,628,730,718,732,,2 070,1 831,1 770,1 770,1 780,1 773,1 661,1 617,1 464,1 436,1 484,1 482,1 447,1 382,1 306,1 329,1 340,1 303,1 239,1 143,1 062,1 049,1 062,1 032,1 042,,2 521,2 362,2 245,2 219,2 152,2 077,2 008,1 944,1 871,1 856,1 829,1 749,1 695,1 670,1 684,1 619,1 623,1 560,1 479,1 436,1 380,1 333,1 308,1 249,1 256
1D11005,Bombarral,917,984,996,970,908,872,866,802,739,583,592,563,524,596,542,500,515,515,506,561,508,478,477,475,477,,1 548,1 506,1 480,1 412,1 311,1 252,1 160,1 121,1 115,1 065,1 033,1 000,956,947,861,750,754,758,785,810,745,725,674,669,669,,1 913,1 815,1 775,1 741,1 768,1 701,1 620,1 587,1 514,1 397,1 360,1 324,1 249,1 236,1 186,1 088,1 011,1 028,1 022,1 054,1 022,968,923,901,923
1D11104,Cadaval,805,717,717,637,569,508,461,452,461,470,448,488,471,525,514,505,497,476,488,458,431,395,340,324,337,,1 398,1 311,1 289,1 162,1 080,1 021,947,921,912,892,862,860,839,837,803,784,760,709,707,680,678,625,584,591,578,,1 827,1 784,1 728,1 525,1 467,1 426,1 360,1 360,1 319,1 250,1 182,1 180,1 180,1 181,1 158,1 049,1 006,934,936,889,883,873,808,808,804
1D11006,Caldas da Rainha,1 380,1 357,1 313,1 247,1 186,1 179,1 114,1 048,1 104,1 083,1 049,1 048,988,967,935,861,828,793,767,774,753,743,730,692,685,,1 962,1 857,1 777,1 715,1 662,1 633,1 551,1 527,1 500,1 457,1 415,1 389,1 320,1 292,1 227,1 174,1 135,1 096,1 050,1 044,1 028,996,964,929,921,,2 483,2 377,2 270,2 206,2 125,2 096,2 001,1 985,1 969,1 905,1 845,1 786,1 711,1 690,1 599,1 494,1 464,1 421,1 375,1 345,1 326,1 287,1 269,1 220,1 194
1D11108,Lourinhã,1 412,1 296,1 254,1 232,1 153,1 143,996,922,928,903,927,894,838,836,785,786,777,770,804,795,740,690,667,669,691,,1 979,1 857,1 727,1 692,1 642,1 642,1 546,1 444,1 473,1 422,1 382,1 322,1 268,1 230,1 208,1 162,1 145,1 140,1 137,1 115,1 058,1 020,936,934,936,,2 565,2 396,2 328,2 281,2 141,2 188,2 100,2 044,1 932,1 870,1 814,1 712,1 674,1 592,1 568,1 527,1 461,1 457,1 443,1 394,1 389,1 357,1 270,1 312,1 284
1D11011,Nazaré,1 744,1 742,1 741,1 719,1 670,1 509,1 474,1 530,1 509,1 564,1 469,1 330,1 362,1 309,1 239,1 193,1 154,1 120,1 097,1 071,1 063,1 069,1 055,1 059,1 053,,2 332,2 333,2 538,2 559,2 559,2 400,2 125,2 191,2 059,2 137,2 065,1 839,1 870,1 782,1 655,1 593,1 486,1 437,1 446,1 422,1 369,1 362,1 271,1 294,1 295,,3 478,3 337,3 340,3 340,3 240,3 160,2 980,2 898,2 816,2 898,2 939,2 763,2 678,2 610,2 458,2 400,2 154,2 000,2 105,2 083,2 083,1 966,1 726,1 726,1 755
1D11012,Óbidos,1 467,1 429,1 266,1 250,1 150,1 166,1 130,1 071,1 063,1 063,1 088,1 141,1 088,1 130,1 088,1 026,1 025,978,979,950,980,907,837,772,790,,2 160,2 073,2 007,2 032,1 914,1 896,1 822,1 776,1 790,1 780,1 762,1 693,1 618,1 604,1 547,1 483,1 427,1 349,1 295,1 291,1 294,1 230,1 195,1 206,1 202,,2 902,2 776,2 708,2 662,2 517,2 504,2 400,2 270,2 264,2 253,2 253,2 162,2 118,2 041,1 921,1 860,1 800,1 750,1 711,1 625,1 701,1 643,1 632,1 676,1 630
1D11014,Peniche,1 593,1 566,1 525,1 459,1 398,1 358,1 359,1 365,1 342,1 298,1 220,1 164,1 072,1 047,1 027,995,978,919,902,883,895,866,848,864,833,,2 082,1 998,1 919,1 834,1 810,1 747,1 685,1 739,1 683,1 650,1 568,1 513,1 429,1 385,1 339,1 272,1 255,1 195,1 176,1 115,1 127,1 099,1 057,1 080,1 056,,2 655,2 535,2 455,2 316,2 283,2 209,2 277,2 286,2 261,2 093,1 987,1 877,1 801,1 752,1 708,1 583,1 547,1 545,1 520,1 425,1 393,1 327,1 279,1 304,1 273
1D11112,Sobral de Monte Agraço,1 089,1 055,994,772,691,671,673,704,671,661,612,543,604,570,516,571,591,623,591,587,555,524,528,545,508,,1 860,1 838,1 773,1 628,1 313,1 248,1 164,1 182,1 164,1 192,1 206,1 041,1 030,980,946,1 007,939,941,891,896,908,892,893,850,843,,2 414,2 292,2 284,2 180,2 083,1 924,1 839,1 783,1 701,1 715,1 759,1 620,1 583,1 488,1 402,1 377,1 363,1 335,1 263,1 252,1 243,1 246,1 246,1 141,1 106
1D11113,Torres Vedras,1 388,1 302,1 209,1 183,1 143,1 064,1 000,985,946,934,950,921,933,933,913,915,913,889,849,830,798,768,789,752,725,,2 150,1 993,1 875,1 830,1 784,1 704,1 643,1 624,1 581,1 553,1 554,1 518,1 494,1 452,1 416,1 329,1 291,1 252,1 201,1 155,1 105,1 095,1 066,1 030,1 001,,2 749,2 643,2 477,2 350,2 256,2 195,2 170,2 103,2 072,2 017,2 000,1 949,1 905,1 847,1 765,1 688,1 627,1 590,1 511,1 446,1 387,1 336,1 318,1 294,1 264
1D2,Médio Tejo,623,585,535,489,481,449,452,481,475,479,466,439,444,431,430,416,404,396,386,392,400,391,395,390,366,,1 167,1 111,1 047,983,937,889,853,861,833,816,798,765,740,710,692,664,655,637,625,632,650,650,652,637,598,,1 601,1 509,1 434,1 364,1 306,1 247,1 213,1 200,1 172,1 158,1 113,1 071,1 036,1 008,992,944,916,906,891,900,954,938,938,909,857
1D21401,Abrantes,435,417,401,387,368,327,347,349,338,374,308,300,310,310,324,333,312,289,289,258,256,283,297,284,280,,908,867,815,760,715,640,635,633,625,608,577,555,550,549,528,515,503,482,501,504,504,511,500,500,475,,1 291,1 200,1 123,1 089,1 029,940,941,926,920,865,832,794,777,778,748,729,714,694,690,694,690,700,730,728,727
1D21402,Alcanena,498,510,480,389,353,331,311,300,274,256,261,263,309,330,301,289,269,260,260,289,306,289,320,336,315,,820,844,831,789,690,556,501,495,492,479,443,469,487,522,522,487,480,476,473,473,457,448,452,451,453,,1 253,1 250,1 203,1 146,1 062,928,867,831,819,807,742,750,686,697,697,686,670,676,676,667,637,628,667,639,669
1D21408,Constância,486,481,441,439,561,465,438,438,337,486,367,361,388,367,417,381,230,230,224,256,322,322,341,339,333,,851,862,976,885,938,839,843,835,737,741,675,675,692,674,721,573,571,537,495,455,441,507,571,589,594,,1 340,1 338,1 338,1 168,1 135,1 131,1 131,1 288,1 314,1 341,1 072,934,898,898,948,769,782,742,673,769,713,850,879,858,771
1D21410,Entroncamento,1 293,1 225,1 165,1 108,1 061,978,912,883,847,792,762,728,648,619,585,539,540,528,512,508,478,415,393,389,382,,1 536,1 450,1 356,1 278,1 227,1 164,1 115,1 069,1 027,969,930,899,848,785,733,679,678,673,654,638,606,562,549,547,530,,1 778,1 669,1 554,1 456,1 384,1 337,1 276,1 249,1 207,1 172,1 132,1 092,1 045,1 014,973,893,886,891,864,878,853,809,816,803,780
1D21411,Ferreira do Zêzere,478,451,466,435,450,446,439,422,391,416,399,416,423,397,423,449,403,356,318,250,283,306,370,379,391,,803,751,762,800,843,833,800,738,675,708,709,722,718,702,714,686,677,661,565,525,542,639,622,605,631,,1 368,1 316,1 346,1 306,1 301,1 210,1 196,1 218,1 169,1 180,1 111,1 111,1 131,1 215,1 230,1 211,1 090,940,831,786,802,873,918,839,877
1D21413,Mação,147,134,125,104,113,102,105,115,118,144,139,132,122,99,102,101,101,100,102,92,92,98,82,97,105,,348,353,308,271,273,243,270,314,273,322,289,252,297,235,279,319,333,327,278,234,230,233,262,288,262,,805,786,674,648,599,547,580,580,544,600,579,583,583,583,621,571,594,535,493,493,444,497,551,613,568
1D21421,Ourém,856,804,748,661,608,575,563,606,617,635,676,658,633,605,571,536,536,530,526,554,641,625,598,592,526,,1 283,1 190,1 143,1 092,1 000,963,948,943,960,1 022,998,971,934,881,840,821,797,789,786,802,987,919,897,892,727,,1 792,1 667,1 607,1 572,1 458,1 375,1 318,1 330,1 391,1 490,1 430,1 386,1 311,1 174,1 170,1 173,1 116,1 125,1 118,1 103,1 633,1 592,1 583,1 511,978
1D21417,Sardoal,250,250,273,262,262,229,214,194,215,203,234,211,172,211,186,229,229,167,142,162,125,162,161,158,178,,634,706,612,556,561,440,471,536,488,458,444,421,405,429,445,474,500,334,334,360,325,378,390,298,376,,1 192,1 339,1 163,1 000,1 083,815,793,800,804,756,742,620,659,620,643,678,679,673,670,602,481,602,602,565,625
1D21418,Tomar,667,563,483,432,419,439,443,523,510,467,448,417,460,440,435,423,375,381,369,402,434,440,450,450,425,,1 217,1 170,1 047,969,943,933,921,966,937,897,854,817,822,814,808,756,745,734,723,747,722,721,734,702,712,,1 796,1 709,1 640,1 569,1 500,1 482,1 479,1 469,1 454,1 382,1 300,1 220,1 199,1 147,1 114,1 098,1 077,1 063,1 033,1 038,1 038,1 022,1 028,995,988
1D21419,Torres Novas,548,506,462,444,451,442,476,475,474,477,472,446,435,431,417,400,409,420,415,431,397,370,393,366,391,,1 058,1 025,954,917,889,832,835,833,812,809,795,765,740,709,703,674,669,656,647,667,647,651,650,630,626,,1 493,1 420,1 379,1 314,1 298,1 248,1 220,1 173,1 093,1 090,1 061,1 038,991,958,957,920,929,924,882,878,840,849,869,862,848
1D21420,Vila Nova da Barquinha,864,714,638,556,550,593,588,535,535,525,535,534,525,520,466,460,461,467,455,417,399,377,383,344,344,,1 312,1 285,1 175,1 126,1 097,1 075,1 011,1 012,989,988,964,836,797,775,769,740,714,700,673,673,691,702,703,690,678,,1 719,1 600,1 427,1 377,1 388,1 327,1 292,1 302,1 258,1 173,1 175,1 140,1 089,1 016,986,968,992,929,956,945,912,925,890,863,874
1D3,Lezíria do Tejo,921,881,829,780,720,687,667,670,661,661,651,630,601,582,569,557,566,561,556,553,543,524,506,500,489,,1 480,1 398,1 333,1 277,1 218,1 170,1 133,1 099,1 061,1 032,996,968,935,900,863,819,822,809,807,810,800,771,743,729,703,,1 969,1 853,1 758,1 671,1 611,1 553,1 501,1 466,1 422,1 376,1 325,1 280,1 248,1 197,1 147,1 104,1 085,1 061,1 055,1 043,1 030,1 010,972,949,923
1D31403,Almeirim,1 150,1 041,901,861,787,746,691,677,650,607,658,636,630,610,574,525,543,546,542,550,531,494,494,485,462,,1 463,1 336,1 247,1 210,1 117,1 075,986,949,908,890,917,859,850,818,775,731,728,722,729,712,699,646,658,669,643,,1 808,1 679,1 566,1 535,1 458,1 434,1 349,1 242,1 196,1 188,1 204,1 132,1 118,1 056,989,961,944,914,894,891,860,843,821,812,807
1D31404,Alpiarça,862,742,672,602,571,620,639,701,638,632,632,444,437,435,434,486,521,518,496,476,472,471,471,456,411,,1 250,1 158,1 088,1 030,977,977,971,936,895,845,805,700,667,591,571,581,611,614,588,613,580,583,620,621,592,,1 622,1 587,1 476,1 454,1 288,1 208,1 162,1 104,1 152,1 070,992,907,887,813,764,729,772,812,817,834,817,834,783,793,751
1D31103,Azambuja,813,857,921,865,806,732,654,654,712,750,671,726,708,671,665,655,652,654,652,628,679,632,638,611,586,,1 650,1 482,1 441,1 326,1 329,1 308,1 293,1 204,1 210,1 228,1 132,1 146,1 098,1 055,995,980,947,947,948,949,1 011,1 005,992,934,865,,2 237,2 070,1 953,1 817,1 767,1 706,1 670,1 608,1 570,1 527,1 451,1 455,1 419,1 366,1 280,1 245,1 159,1 129,1 153,1 152,1 146,1 146,1 102,1 084,1 068
1D31405,Benavente,1 580,1 470,1 427,1 333,1 289,1 218,1 165,1 133,1 095,1 050,982,977,915,846,793,772,766,768,729,719,711,668,631,625,598,,1 941,1 777,1 684,1 599,1 538,1 492,1 417,1 391,1 354,1 312,1 253,1 222,1 187,1 117,1 034,985,960,939,935,916,899,877,855,829,781,,2 286,2 106,1 991,1 833,1 793,1 767,1 690,1 654,1 606,1 579,1 553,1 477,1 398,1 347,1 273,1 212,1 171,1 151,1 122,1 096,1 075,1 062,1 043,1 039,995
1D31406,Cartaxo,1 048,971,911,823,751,729,729,729,780,728,684,667,635,620,608,582,569,561,550,525,531,506,497,510,503,,1 486,1 399,1 330,1 219,1 172,1 127,1 102,1 084,1 087,1 011,988,969,915,890,825,798,772,760,773,764,757,743,718,708,686,,1 844,1 727,1 665,1 607,1 508,1 438,1 410,1 379,1 366,1 278,1 238,1 218,1 156,1 142,1 096,1 060,1 026,1 007,1 033,1 010,1 031,963,932,929,903
1D31407,Chamusca,442,442,442,367,396,333,305,361,351,370,372,364,248,282,225,221,266,266,272,306,286,276,246,246,237,,833,861,859,722,712,602,585,593,587,620,620,632,553,529,457,408,465,462,474,476,490,490,486,476,442,,1 223,1 182,1 098,1 071,1 013,968,905,891,891,876,888,891,777,769,698,656,641,641,662,721,721,721,726,706,706
1D31409,Coruche,845,743,673,611,653,667,625,578,498,478,463,472,458,459,494,491,478,491,437,457,466,321,309,300,309,,1 326,1 239,1 181,1 109,1 171,1 160,1 114,1 003,889,871,866,865,825,830,805,775,775,737,722,749,712,642,642,616,620,,1 794,1 760,1 653,1 562,1 570,1 493,1 461,1 373,1 234,1 172,1 234,1 253,1 226,1 220,1 146,1 095,1 061,1 001,957,957,937,898,903,897,928
1D31412,Golegã,586,543,512,500,585,500,451,454,424,454,478,496,486,421,396,371,371,420,400,377,286,326,334,336,358,,1 108,1 020,886,865,851,850,819,889,892,856,814,775,787,732,712,638,618,625,617,620,611,588,651,657,656,,1 502,1 470,1 331,1 298,1 252,1 125,1 109,1 125,1 094,1 053,1 044,1 000,1 022,993,1 000,921,862,881,808,796,756,782,848,821,812
1D31414,Rio Maior,795,822,737,656,556,526,505,494,525,525,520,520,505,505,510,510,537,521,511,496,479,443,424,443,461,,1 233,1 232,1 212,1 111,1 041,1 023,975,939,855,887,852,884,833,771,740,742,791,759,778,734,686,655,608,636,646,,1 616,1 619,1 554,1 514,1 417,1 336,1 277,1 294,1 254,1 264,1 188,1 176,1 136,1 032,1 019,1 027,1 062,1 024,1 021,952,938,939,863,877,889
1D31415,Salvaterra de Magos,1 170,1 196,1 133,1 107,972,876,847,838,879,855,816,847,776,781,780,693,701,684,680,714,665,641,565,529,529,,1 712,1 658,1 531,1 486,1 435,1 329,1 260,1 259,1 258,1 249,1 211,1 213,1 182,1 161,1 117,1 029,1 006,968,954,984,944,916,865,793,791,,2 061,2 032,1 963,1 879,1 810,1 709,1 683,1 604,1 573,1 540,1 474,1 465,1 449,1 429,1 385,1 334,1 304,1 259,1 230,1 224,1 182,1 125,1 044,1 038,1 028
1D31416,Santarém,713,699,660,619,577,500,493,517,536,586,608,581,580,566,521,521,522,518,531,514,474,471,460,469,472,,1 391,1 354,1 278,1 224,1 194,1 106,1 072,1 046,985,983,974,927,897,877,818,795,797,791,793,793,752,731,714,700,682,,1 929,1 823,1 716,1 624,1 571,1 502,1 461,1 450,1 399,1 344,1 278,1 196,1 185,1 124,1 083,1 072,1 042,1 021,1 019,1 017,1 000,963,932,912,886
1A01115,Amadora,2 487,2 345,2 253,2 149,2 101,2 061,2 000,1 952,1 881,1 852,1 769,1 712,1 686,1 623,1 609,1 568,1 514,1 484,1 438,1 408,1 376,1 332,1 309,1 262,1 205,,2 986,2 797,2 690,2 568,2 481,2 410,2 343,2 314,2 260,2 223,2 154,2 108,2 049,1 984,1 929,1 884,1 820,1 783,1 743,1 723,1 678,1 632,1 611,1 572,1 500,,3 528,3 301,3 133,2 981,2 876,2 802,2 730,2 705,2 654,2 616,2 543,2 494,2 414,2 344,2 293,2 234,2 183,2 137,2 097,2 060,2 020,1 956,1 927,1 896,1 836
1A01105,Cascais,3 582,3 475,3 349,3 286,3 170,3 164,3 125,3 092,3 057,2 951,2 843,2 781,2 692,2 589,2 507,2 426,2 355,2 298,2 220,2 133,2 135,2 091,2 061,2 038,1 961,,4 550,4 431,4 267,4 190,4 053,4 023,4 023,4 010,3 976,3 831,3 667,3 574,3 473,3 371,3 276,3 184,3 046,2 946,2 851,2 776,2 780,2 746,2 708,2 667,2 588,,5 942,5 800,5 701,5 619,5 444,5 526,5 551,5 528,5 466,5 234,4 947,4 857,4 667,4 531,4 381,4 188,4 000,3 848,3 736,3 644,3 604,3 509,3 515,3 471,3 403
1A01106,Lisboa,3 966,3 801,3 650,3 545,3 498,3 429,3 385,3 370,3 308,3 258,3 187,3 083,3 015,2 936,2 875,2 822,2 750,2 681,2 564,2 523,2 586,2 562,2 610,2 589,2 491,,4 875,4 691,4 525,4 412,4 340,4 252,4 203,4 188,4 167,4 151,4 080,3 965,3 872,3 785,3 704,3 642,3 531,3 437,3 347,3 333,3 415,3 402,3 414,3 375,3 286,,6 051,5 807,5 652,5 585,5 575,5 579,5 514,5 455,5 376,5 263,5 208,5 060,4 977,4 907,4 751,4 627,4 500,4 390,4 342,4 392,4 552,4 545,4 511,4 445,4 306
1A01107,Loures,2 277,2 250,2 204,2 109,2 038,1 931,1 875,1 889,1 910,1 868,1 836,1 795,1 667,1 637,1 596,1 540,1 516,1 481,1 444,1 403,1 380,1 351,1 295,1 264,1 236,,3 057,2 918,2 808,2 707,2 609,2 501,2 435,2 439,2 482,2 430,2 380,2 293,2 155,2 116,2 062,1 991,1 960,1 916,1 888,1 820,1 796,1 764,1 699,1 680,1 641,,3 709,3 531,3 393,3 248,3 140,3 077,3 000,3 036,3 060,3 010,2 947,2 813,2 662,2 616,2 550,2 474,2 439,2 389,2 355,2 296,2 266,2 230,2 170,2 154,2 110
1A01109,Mafra,2 210,2 152,2 093,1 946,1 881,1 855,1 829,1 774,1 743,1 703,1 650,1 628,1 593,1 455,1 396,1 327,1 259,1 292,1 250,1 212,1 210,1 175,1 128,1 092,1 060,,2 860,2 720,2 616,2 493,2 410,2 338,2 306,2 228,2 200,2 171,2 118,2 135,2 065,1 948,1 879,1 796,1 704,1 670,1 614,1 600,1 557,1 495,1 433,1 391,1 354,,3 575,3 529,3 423,3 193,3 053,2 981,2 933,2 908,2 913,2 824,2 708,2 657,2 548,2 420,2 362,2 238,2 152,2 100,2 036,1 999,1 941,1 880,1 801,1 725,1 651
1A01116,Odivelas,2 778,2 632,2 500,2 418,2 327,2 237,2 199,2 106,2 109,2 062,2 041,2 010,1 939,1 877,1 830,1 773,1 724,1 695,1 650,1 603,1 581,1 551,1 522,1 495,1 419,,3 282,3 113,2 980,2 876,2 765,2 656,2 607,2 525,2 517,2 497,2 464,2 448,2 355,2 286,2 234,2 197,2 156,2 134,2 078,2 057,2 029,1 978,1 948,1 867,1 814,,3 833,3 701,3 539,3 353,3 243,3 161,3 108,3 010,2 984,2 972,2 883,2 871,2 819,2 756,2 695,2 623,2 556,2 540,2 498,2 464,2 459,2 419,2 393,2 321,2 266
1A01110,Oeiras,3 345,3 245,3 135,3 013,2 895,2 720,2 632,2 563,2 551,2 600,2 572,2 535,2 485,2 408,2 334,2 251,2 176,2 090,2 040,1 995,1 904,1 858,1 840,1 822,1 808,,4 187,3 996,3 802,3 643,3 471,3 333,3 244,3 198,3 158,3 177,3 145,3 093,3 001,2 929,2 822,2 721,2 644,2 550,2 467,2 440,2 363,2 330,2 302,2 286,2 256,,4 883,4 762,4 556,4 391,4 128,4 010,3 874,3 848,3 833,3 857,3 810,3 704,3 626,3 547,3 411,3 285,3 163,3 057,2 992,2 957,2 882,2 825,2 800,2 788,2 750
1A01111,Sintra,2 273,2 123,2 045,1 944,1 882,1 835,1 791,1 748,1 700,1 647,1 607,1 570,1 531,1 464,1 404,1 324,1 243,1 203,1 181,1 157,1 154,1 103,1 066,1 033,987,,2 733,2 555,2 418,2 297,2 226,2 158,2 100,2 059,2 014,1 957,1 913,1 868,1 816,1 751,1 688,1 612,1 548,1 508,1 473,1 441,1 413,1 361,1 307,1 267,1 213,,3 205,3 015,2 851,2 677,2 587,2 501,2 439,2 398,2 336,2 270,2 232,2 188,2 137,2 073,1 983,1 899,1 829,1 778,1 745,1 703,1 676,1 627,1 572,1 531,1 469
1A01114,Vila Franca de Xira,2 149,2 005,1 918,1 802,1 748,1 684,1 638,1 593,1 545,1 503,1 459,1 434,1 375,1 315,1 274,1 217,1 184,1 161,1 133,1 101,1 073,1 034,995,966,923,,2 605,2 412,2 308,2 194,2 102,2 031,1 978,1 936,1 897,1 886,1 833,1 798,1 750,1 681,1 626,1 560,1 525,1 486,1 429,1 383,1 368,1 319,1 279,1 256,1 204,,3 094,2 855,2 683,2 538,2 455,2 378,2 326,2 280,2 238,2 222,2 177,2 136,2 100,2 026,1 971,1 923,1 856,1 815,1 741,1 704,1 664,1 599,1 554,1 528,1 483
1B,Península de Setúbal,2 083,1 963,1 867,1 786,1 713,1 654,1 602,1 560,1 523,1 483,1 444,1 405,1 364,1 300,1 237,1 164,1 111,1 076,1 055,1 040,1 025,972,938,914,877,,2 596,2 433,2 305,2 196,2 117,2 041,1 991,1 937,1 901,1 856,1 811,1 760,1 709,1 648,1 581,1 513,1 459,1 408,1 375,1 350,1 314,1 261,1 216,1 184,1 142,,3 139,2 974,2 812,2 694,2 590,2 514,2 453,2 388,2 353,2 300,2 237,2 188,2 123,2 050,1 974,1 900,1 843,1 783,1 738,1 694,1 655,1 593,1 543,1 510,1 470
1B0,Península de Setúbal,2 083,1 963,1 867,1 786,1 713,1 654,1 602,1 560,1 523,1 483,1 444,1 405,1 364,1 300,1 237,1 164,1 111,1 076,1 055,1 040,1 025,972,938,914,877,,2 596,2 433,2 305,2 196,2 117,2 041,1 991,1 937,1 901,1 856,1 811,1 760,1 709,1 648,1 581,1 513,1 459,1 408,1 375,1 350,1 314,1 261,1 216,1 184,1 142,,3 139,2 974,2 812,2 694,2 590,2 514,2 453,2 388,2 353,2 300,2 237,2 188,2 123,2 050,1 974,1 900,1 843,1 783,1 738,1 694,1 655,1 593,1 543,1 510,1 470
1B01502,Alcochete,2 162,2 097,1 930,1 808,1 697,1 636,1 636,1 628,1 636,1 609,1 389,1 440,1 424,1 431,1 494,1 460,1 425,1 368,1 275,1 211,1 203,1 114,1 130,1 091,1 091,,2 765,2 628,2 309,2 209,2 106,2 086,2 096,2 082,2 086,2 002,1 890,1 885,1 867,1 886,1 979,1 979,1 951,1 840,1 661,1 525,1 493,1 434,1 433,1 405,1 393,,3 280,3 098,2 859,2 764,2 653,2 608,2 608,2 552,2 639,2 541,2 491,2 526,2 421,2 491,2 635,2 936,3 152,2 597,2 235,2 051,1 902,1 837,1 834,1 770,1 790
1B01503,Almada,2 563,2 413,2 306,2 205,2 144,2 086,2 033,1 944,1 892,1 827,1 777,1 781,1 753,1 700,1 656,1 589,1 544,1 511,1 493,1 466,1 412,1 351,1 279,1 246,1 200,,3 160,3 012,2 867,2 742,2 644,2 574,2 518,2 433,2 374,2 331,2 267,2 238,2 179,2 092,2 026,1 946,1 895,1 860,1 838,1 801,1 748,1 704,1 615,1 584,1 533,,3 824,3 671,3 485,3 365,3 259,3 182,3 164,3 069,3 016,2 916,2 823,2 757,2 679,2 600,2 506,2 415,2 347,2 282,2 223,2 177,2 150,2 089,2 021,1 991,1 917
1B01504,Barreiro,2 038,1 892,1 785,1 713,1 611,1 519,1 464,1 428,1 380,1 336,1 324,1 281,1 244,1 153,1 080,998,974,950,922,908,898,869,846,805,753,,2 508,2 297,2 138,2 037,1 942,1 839,1 769,1 725,1 687,1 634,1 595,1 556,1 512,1 426,1 349,1 287,1 226,1 189,1 162,1 136,1 105,1 054,1 026,1 000,948,,2 949,2 703,2 480,2 355,2 257,2 166,2 080,2 023,1 980,1 924,1 868,1 814,1 763,1 695,1 620,1 531,1 462,1 412,1 370,1 341,1 305,1 268,1 230,1 201,1 158
1B01506,Moita,1 774,1 652,1 587,1 481,1 403,1 338,1 312,1 266,1 202,1 143,1 077,1 048,985,935,873,823,798,766,745,733,722,685,643,624,597,,2 226,2 026,1 923,1 817,1 713,1 657,1 582,1 537,1 498,1 446,1 405,1 350,1 280,1 214,1 163,1 078,1 035,993,966,952,925,893,867,837,792,,2 633,2 437,2 284,2 124,2 029,1 948,1 863,1 812,1 767,1 696,1 661,1 601,1 556,1 481,1 408,1 322,1 289,1 236,1 203,1 190,1 154,1 117,1 082,1 023,974
1B01507,Montijo,1 999,1 853,1 796,1 667,1 599,1 563,1 471,1 438,1 413,1 411,1 422,1 398,1 364,1 318,1 220,1 128,1 061,1 024,1 010,1 023,1 041,1 039,1 033,998,940,,2 472,2 346,2 250,2 111,2 040,2 000,1 931,1 883,1 840,1 835,1 792,1 749,1 710,1 643,1 559,1 482,1 421,1 364,1 338,1 334,1 322,1 300,1 264,1 243,1 204,,2 849,2 749,2 625,2 501,2 426,2 367,2 333,2 247,2 194,2 178,2 128,2 062,2 006,1 941,1 869,1 789,1 703,1 641,1 602,1 602,1 562,1 536,1 507,1 474,1 429
1B01508,Palmela,1 859,1 795,1 733,1 661,1 556,1 464,1 428,1 429,1 462,1 431,1 385,1 320,1 287,1 218,1 135,1 077,1 037,1 026,1 016,988,947,722,720,771,713,,2 263,2 172,2 074,1 993,1 921,1 822,1 789,1 769,1 764,1 716,1 654,1 605,1 556,1 475,1 411,1 372,1 312,1 272,1 237,1 198,1 157,1 041,1 016,1 001,967,,2 703,2 579,2 429,2 360,2 285,2 147,2 101,2 080,2 056,2 000,1 953,1 894,1 839,1 765,1 718,1 654,1 585,1 540,1 498,1 426,1 400,1 292,1 250,1 224,1 202
1B01510,Seixal,2 218,2 074,1 976,1 897,1 832,1 774,1 750,1 704,1 687,1 632,1 583,1 531,1 480,1 407,1 345,1 284,1 224,1 176,1 134,1 117,1 089,1 046,1 006,960,923,,2 654,2 497,2 382,2 253,2 171,2 102,2 053,2 016,1 992,1 924,1 878,1 821,1 761,1 700,1 627,1 569,1 510,1 458,1 410,1 380,1 351,1 300,1 240,1 195,1 146,,3 130,2 962,2 840,2 727,2 615,2 542,2 459,2 394,2 361,2 280,2 222,2 165,2 099,2 039,1 937,1 888,1 834,1 766,1 714,1 667,1 614,1 558,1 511,1 462,1 417
1B01511,Sesimbra,2 253,2 158,2 044,1 944,1 896,1 827,1 802,1 780,1 740,1 734,1 707,1 641,1 571,1 479,1 426,1 377,1 359,1 268,1 230,1 205,1 165,1 139,1 127,1 100,1 076,,2 765,2 573,2 425,2 342,2 295,2 171,2 139,2 121,2 086,2 091,2 070,2 012,1 956,1 862,1 759,1 701,1 667,1 573,1 503,1 456,1 404,1 382,1 354,1 331,1 324,,3 272,3 105,2 889,2 778,2 761,2 656,2 660,2 644,2 585,2 634,2 628,2 515,2 428,2 306,2 200,2 125,2 075,1 952,1 871,1 799,1 719,1 714,1 682,1 669,1 746
1B01512,Setúbal,1 995,1 843,1 771,1 702,1 674,1 607,1 551,1 513,1 466,1 438,1 398,1 352,1 300,1 237,1 172,1 104,1 047,1 022,1 018,1 014,1 007,946,930,889,860,,2 468,2 320,2 178,2 095,2 036,1 981,1 920,1 872,1 835,1 811,1 758,1 709,1 648,1 583,1 516,1 447,1 384,1 335,1 325,1 307,1 283,1 223,1 182,1 137,1 092,,3 025,2 871,2 671,2 576,2 506,2 422,2 361,2 308,2 271,2 208,2 160,2 115,2 020,1 942,1 876,1 810,1 734,1 667,1 636,1 610,1 588,1 537,1 472,1 422,1 381
1C,Alentejo,559,539,506,473,444,422,415,417,409,409,412,413,414,410,397,381,383,375,375,382,373,369,358,349,345,,1 031,1 000,952,908,862,832,814,808,803,796,792,796,795,792,772,746,738,722,712,717,712,706,702,685,674,,1 622,1 579,1 505,1 452,1 408,1 375,1 381,1 385,1 383,1 372,1 343,1 313,1 286,1 262,1 224,1 193,1 168,1 120,1 093,1 095,1 090,1 081,1 093,1 065,1 037
1C1,Alentejo Litoral,1 294,1 256,1 200,1 144,1 027,989,1 011,1 008,992,962,919,934,925,910,840,788,781,750,771,781,779,781,770,735,692,,2 018,1 916,1 841,1 794,1 741,1 724,1 690,1 638,1 605,1 563,1 493,1 458,1 431,1 373,1 308,1 254,1 203,1 146,1 132,1 101,1 099,1 089,1 091,1 050,1 010,,2 661,2 533,2 479,2 404,2 374,2 387,2 347,2 282,2 258,2 256,2 151,2 151,2 146,1 993,1 918,1 852,1 767,1 731,1 731,1 616,1 601,1 543,1 515,1 480,1 435
1C11501,Alcácer do Sal,1 164,1 131,905,913,839,672,739,684,687,717,717,717,633,606,264,271,300,270,577,570,543,550,542,537,526,,1 796,1 822,1 598,1 595,1 475,1 237,1 287,1 243,1 273,1 351,1 277,1 222,1 151,1 138,888,853,872,825,941,940,900,829,828,822,789,,2 518,2 500,2 413,2 240,2 200,2 110,2 159,2 143,2 127,2 198,1 978,1 916,1 952,1 761,1 467,1 476,1 469,1 469,1 553,1 553,1 513,1 379,1 237,1 180,1 146
1C11505,Grândola,1 654,1 385,1 381,1 377,1 293,1 508,1 218,1 166,1 166,1 145,1 111,1 111,1 111,1 091,1 130,1 130,1 060,969,948,851,851,825,836,807,725,,2 426,2 147,1 979,1 950,1 877,2 293,2 107,2 063,2 067,1 924,1 833,1 793,1 722,1 661,1 700,1 726,1 646,1 508,1 453,1 250,1 221,1 218,1 190,1 150,1 045,,3 656,3 448,3 279,3 240,3 563,4 404,4 630,4 412,4 617,4 328,3 882,3 684,3 395,3 111,3 061,3 077,2 949,2 862,2 833,2 632,2 495,2 182,1 924,1 935,1 881
1C10211,Odemira,833,793,801,725,681,693,699,765,789,796,773,816,871,874,816,736,718,625,625,625,604,684,650,643,640,,1 708,1 654,1 573,1 463,1 379,1 388,1 403,1 421,1 392,1 413,1 328,1 378,1 477,1 370,1 368,1 254,1 197,1 101,1 101,1 107,1 141,1 203,1 171,1 143,1 130,,2 444,2 397,2 453,2 397,2 242,2 192,2 206,2 111,2 105,2 170,1 977,2 000,2 084,1 984,2 000,1 867,1 754,1 729,1 727,1 683,1 722,1 736,1 683,1 641,1 563
1C11509,Santiago do Cacém,1 294,1 294,1 294,1 253,1 231,1 222,1 172,1 146,1 033,953,933,874,912,883,865,800,799,796,767,779,776,741,738,700,664,,1 935,1 847,1 785,1 778,1 751,1 684,1 662,1 626,1 549,1 526,1 432,1 354,1 321,1 263,1 198,1 152,1 132,1 082,1 016,1 012,1 005,997,1 012,997,957,,2 430,2 313,2 222,2 183,2 184,2 119,2 022,1 958,1 931,1 955,1 944,1 820,1 729,1 641,1 600,1 548,1 495,1 448,1 353,1 319,1 285,1 266,1 296,1 285,1 228
1C11513,Sines,1 905,1 817,1 755,1 697,1 668,1 626,1 574,1 519,1 492,1 366,1 325,1 321,1 325,1 254,1 202,1 143,1 104,1 067,1 042,1 034,1 034,995,985,937,878,,2 340,2 257,2 176,2 083,2 035,2 099,2 096,2 014,1 925,1 786,1 718,1 718,1 659,1 587,1 482,1 434,1 344,1 334,1 333,1 326,1 320,1 206,1 167,1 102,1 054,,2 800,2 695,2 644,2 586,2 638,2 654,2 705,2 494,2 452,2 216,2 131,2 200,2 184,2 041,1 919,1 839,1 654,1 624,1 658,1 575,1 619,1 521,1 459,1 371,1 328
1C2,Baixo Alentejo,486,455,416,373,362,351,360,362,340,344,333,344,352,333,327,307,314,324,320,311,294,278,266,261,266,,878,832,781,717,688,676,660,660,629,618,617,635,646,637,625,597,591,597,581,578,564,539,522,514,536,,1 301,1 244,1 185,1 114,1 064,1 062,1 042,1 037,1 008,995,972,955,950,942,940,929,931,923,897,881,857,830,849,836,844
1C20201,Aljustrel,541,486,413,410,373,410,384,340,290,344,300,346,353,255,264,236,227,247,237,241,238,238,240,280,264,,833,731,694,663,619,741,613,584,584,579,614,659,658,556,534,455,451,471,462,493,493,493,492,484,509,,1 235,1 159,1 136,1 068,1 030,1 072,995,900,895,845,874,938,920,866,858,764,749,800,794,795,778,775,763,819,836
1C20202,Almodôvar,503,466,367,292,243,244,235,284,342,313,384,288,266,214,214,217,209,250,229,371,375,350,334,317,350,,950,862,785,764,618,522,509,578,625,625,682,621,579,559,554,528,476,548,481,629,613,566,600,588,600,,1 442,1 320,1 217,1 200,1 080,1 093,929,1 000,1 015,1 098,1 175,1 136,1 121,973,984,984,961,1 034,975,990,1 080,900,900,912,912
1C20203,Alvito,568,568,579,526,526,491,416,408,354,//,324,324,346,414,323,307,296,//,//,//,//,//,//,//,//,,920,763,980,764,764,839,747,608,495,//,536,571,658,632,521,477,443,//,//,//,//,//,//,//,//,,1 351,1 224,1 256,1 224,1 248,1 256,1 158,920,839,//,752,768,806,806,752,741,701,//,//,//,//,//,//,//,//
1C20204,Barrancos,309,238,208,193,//,//,//,//,//,//,//,//,//,//,//,//,//,//,//,//,//,//,//,//,//,,499,492,418,470,//,//,//,//,//,//,//,//,//,//,//,//,//,//,//,//,//,//,//,//,//,,622,556,563,591,//,//,//,//,//,//,//,//,//,//,//,//,//,//,//,//,//,//,//,//,//
1C20205,Beja,777,722,634,562,583,569,600,602,523,500,488,491,509,532,545,520,514,487,439,399,388,351,350,379,387,,1 195,1 128,1 057,995,935,946,933,954,932,881,868,858,839,853,856,843,852,820,765,758,740,677,706,713,698,,1 580,1 514,1 416,1 360,1 327,1 355,1 339,1 355,1 307,1 261,1 225,1 122,1 106,1 079,1 078,1 082,1 103,1 083,1 066,1 048,988,952,967,961,959
1C20206,Castro Verde,500,570,504,458,416,250,258,344,265,282,268,252,346,400,335,305,303,250,294,294,248,281,256,248,313,,810,1 015,854,826,819,659,541,600,514,498,500,475,633,653,635,561,539,476,578,652,547,571,475,476,540,,1 458,1 417,1 200,1 200,1 231,1 061,1 056,1 277,1 044,918,900,755,922,1 020,944,936,983,917,894,926,891,965,1 000,1 000,1 028
1C20207,Cuba,356,354,357,421,421,402,390,360,367,381,263,280,244,268,281,297,335,326,310,326,276,241,200,200,205,,657,627,640,643,643,642,649,614,614,627,552,580,580,562,625,625,625,627,579,578,467,455,305,260,272,,1 176,1 065,995,990,950,954,896,896,860,1 012,972,965,965,943,981,945,910,898,879,869,821,821,648,576,609
1C20208,Ferreira do Alentejo,473,448,395,314,278,275,275,307,296,301,297,327,301,327,301,241,248,224,284,262,259,224,196,206,202,,776,776,700,579,539,540,551,622,582,606,551,520,512,508,508,483,475,451,452,452,454,426,410,392,371,,1 110,1 061,947,911,857,842,842,1 023,1 037,983,947,833,783,788,765,736,718,720,741,756,805,756,677,677,686
1C20209,Mértola,289,226,273,217,208,217,176,150,144,156,144,152,146,132,146,147,174,147,193,171,166,192,152,146,128,,704,697,619,523,500,451,457,467,417,417,357,412,409,364,326,327,387,389,500,500,402,435,357,305,258,,1 149,1 246,1 172,1 066,949,864,814,807,893,833,815,844,804,784,652,621,686,730,755,778,754,723,703,656,676
1C20210,Moura,369,357,360,304,300,299,286,292,302,335,371,368,365,329,311,326,308,366,357,309,285,266,257,285,299,,686,630,588,564,535,505,502,500,514,533,562,562,562,556,545,592,569,584,569,508,480,425,420,441,444,,1 019,976,957,918,895,851,850,818,791,772,791,771,807,839,798,856,835,838,834,757,764,737,746,746,714
1C20212,Ourique,529,476,416,370,313,304,342,368,368,265,241,258,242,339,325,286,296,310,317,316,345,333,286,286,248,,911,859,786,713,601,643,707,780,765,540,531,595,558,635,636,620,663,696,669,589,578,493,488,508,514,,1 285,1 250,1 218,1 193,993,952,951,964,910,902,898,1 019,1 015,1 100,1 104,1 075,1 115,1 086,1 034,944,882,777,739,755,835
1C20213,Serpa,434,416,419,399,378,323,328,329,326,365,357,353,375,283,298,298,314,368,334,305,296,271,266,255,257,,691,679,688,686,677,637,620,610,561,600,584,607,640,590,588,511,480,494,495,468,467,450,434,438,469,,1 047,1 046,1 000,979,953,922,952,965,900,878,862,870,879,852,846,850,859,875,857,740,716,722,722,722,735
1C20214,Vidigueira,357,334,333,321,341,389,398,386,318,282,259,277,290,291,256,258,327,258,333,318,250,306,305,243,235,,700,622,611,558,576,636,650,652,618,548,490,473,472,467,462,467,488,485,489,485,452,466,470,438,399,,1 098,1 031,1 031,937,916,955,945,925,900,796,773,773,774,754,741,741,800,718,750,745,699,727,668,656,671
1C3,Alto Alentejo,380,359,340,327,310,293,278,265,267,266,260,262,255,259,251,244,249,234,234,239,236,236,220,213,212,,744,715,682,647,590,549,533,514,520,508,506,500,500,498,486,471,473,457,455,470,456,459,433,431,438,,1 123,1 095,1 062,1 029,967,920,895,872,875,879,863,856,831,824,804,776,770,753,753,766,744,727,709,708,727
1C31201,Alter do Chão,273,285,284,272,250,205,211,284,313,284,193,250,192,250,255,153,124,155,171,206,204,183,204,212,212,,432,487,481,456,456,436,437,462,469,434,426,412,379,380,381,348,294,241,257,275,276,333,312,313,333,,700,700,700,700,685,659,654,703,703,625,549,552,545,563,574,561,559,419,385,403,434,583,647,647,662
1C31202,Arronches,289,289,327,349,357,338,325,290,279,283,233,176,170,170,170,204,213,189,172,196,176,137,112,124,127,,726,714,687,687,616,521,424,413,388,392,444,416,526,440,500,427,427,412,375,391,391,304,280,337,268,,1 084,1 040,1 062,953,942,833,690,626,578,701,783,814,950,899,969,899,875,688,597,629,625,590,507,556,491
1C31203,Avis,538,484,400,377,341,387,324,265,324,253,245,300,272,279,292,262,316,342,328,307,243,236,215,215,226,,755,679,597,569,567,574,611,587,603,532,490,496,443,447,465,459,500,500,488,512,453,414,405,374,388,,1 002,915,828,820,805,857,861,797,828,779,835,927,858,823,779,759,675,751,670,768,800,726,724,594,573
1C31204,Campo Maior,300,311,309,287,331,280,276,253,243,183,208,208,244,283,319,316,316,253,251,240,202,214,188,188,152,,691,670,650,610,556,491,480,483,480,486,480,451,524,530,530,526,549,529,536,536,446,460,460,464,460,,1 073,1 092,1 106,983,847,794,791,711,784,817,744,760,802,800,818,824,824,802,787,860,764,771,805,721,817
1C31205,Castelo de Vide,444,549,489,333,306,327,298,298,319,307,311,288,270,264,260,236,245,250,251,256,240,208,193,193,194,,705,771,760,680,583,532,490,490,529,483,505,486,429,417,410,391,404,404,408,426,390,388,341,320,244,,1 083,1 148,1 156,1 043,874,833,688,885,952,885,875,706,667,673,617,588,697,750,664,681,638,575,724,699,500
1C31206,Crato,204,223,223,222,200,188,172,172,172,176,176,188,200,178,180,191,190,200,189,212,143,134,//,121,//,,504,453,411,344,313,314,310,279,331,326,326,335,369,322,333,306,299,333,308,379,368,310,//,213,//,,698,707,708,833,708,646,553,524,476,511,480,511,568,555,568,521,476,520,516,520,520,542,//,460,//
1C31207,Elvas,524,534,486,429,380,307,292,282,284,294,294,294,287,279,255,255,250,231,273,300,315,289,263,244,253,,923,925,905,841,777,623,593,598,613,593,606,585,578,585,500,482,471,462,576,588,562,550,473,457,504,,1 231,1 246,1 205,1 180,1 132,1 022,1 002,995,990,995,921,903,857,841,823,789,780,779,800,841,802,773,705,690,745
1C31208,Fronteira,343,357,320,330,320,315,315,301,330,280,272,260,233,221,270,270,310,287,287,277,222,//,148,107,107,,564,621,545,580,565,553,560,534,511,449,426,419,417,442,500,505,467,467,454,406,415,//,273,265,255,,906,949,949,933,872,842,866,860,786,692,777,782,821,761,743,819,725,651,626,567,575,//,575,519,408
1C31209,Gavião,230,188,219,208,179,208,197,157,171,236,192,184,152,135,134,137,106,106,134,114,167,167,188,182,198,,529,417,411,343,333,356,370,400,400,453,381,381,353,333,307,307,241,268,255,223,245,272,292,274,283,,814,750,723,549,529,571,573,588,573,647,577,601,598,558,555,583,484,400,392,368,400,417,472,431,463
1C31210,Marvão,330,263,204,200,200,256,262,256,256,242,239,238,247,313,350,343,300,229,194,161,194,167,209,242,265,,639,636,522,540,540,545,503,408,402,404,404,446,451,517,607,600,536,391,375,286,362,424,411,473,482,,1 073,1 119,975,1 005,1 035,1 065,1 064,778,688,608,608,755,843,870,905,899,814,795,787,597,680,727,760,803,803
1C31211,Monforte,283,222,222,241,225,264,194,194,194,192,250,183,163,162,136,136,137,151,194,208,151,//,270,236,197,,499,445,442,442,440,509,439,504,504,413,504,400,421,353,245,266,280,295,318,307,297,//,309,313,313,,686,808,808,786,698,667,645,665,681,752,787,769,670,632,544,448,398,413,523,463,513,//,455,455,455
1C31212,Nisa,279,250,221,208,217,227,228,228,215,209,183,178,150,139,167,142,167,179,179,213,233,212,167,167,153,,500,461,434,419,395,370,377,364,321,330,329,342,345,339,340,277,289,324,289,334,353,313,303,306,304,,772,727,718,693,644,643,639,599,600,567,625,563,559,520,534,471,502,530,500,507,534,513,504,581,523
1C31213,Ponte de Sor,500,417,387,387,424,437,376,353,369,423,433,434,435,440,440,427,447,375,359,314,271,271,250,250,317,,902,896,782,811,812,736,726,694,718,742,738,730,688,738,734,724,731,639,617,601,568,563,532,547,553,,1 307,1 255,1 150,1 146,1 173,1 068,1 070,1 038,1 022,1 019,1 000,1 000,990,1 015,1 009,1 000,994,934,929,858,830,806,722,787,788
1C31214,Portalegre,609,568,558,543,460,446,440,367,352,364,360,363,354,335,325,318,333,306,293,290,298,317,294,338,331,,1 037,1 000,955,909,780,741,739,763,723,721,705,707,691,644,609,595,609,612,627,625,635,634,604,622,619,,1 254,1 194,1 160,1 115,1 088,1 071,1 063,1 058,1 028,1 011,989,994,982,951,886,851,810,795,816,837,858,843,837,841,843
1C31215,Sousel,386,320,331,270,270,256,236,247,244,167,185,205,203,221,206,188,173,196,219,225,237,225,224,180,169,,695,615,585,575,543,546,525,472,500,408,379,370,368,365,349,343,311,311,331,370,368,328,321,311,249,,1 098,949,968,943,923,916,888,732,802,700,661,623,545,560,549,590,541,518,525,582,582,516,537,530,484
1C4,Alentejo Central,678,654,611,563,550,536,537,536,534,526,531,519,511,491,473,450,436,439,426,442,438,420,420,400,393,,1 176,1 111,1 076,1 030,1 002,992,988,963,961,955,953,938,917,894,864,826,784,768,742,756,778,788,799,769,732,,1 839,1 800,1 699,1 644,1 612,1 591,1 646,1 646,1 667,1 645,1 600,1 520,1 459,1 398,1 343,1 290,1 249,1 183,1 158,1 169,1 197,1 185,1 203,1 179,1 146
1C40701,Alandroal,473,452,449,449,407,398,370,257,256,241,316,332,371,310,230,211,202,251,287,303,305,215,160,157,163,,717,712,731,714,711,693,613,536,534,530,532,534,602,512,483,453,383,441,459,489,483,388,303,302,281,,1 221,1 224,1 074,1 030,993,985,909,863,800,825,792,799,870,773,756,698,634,635,660,662,662,652,591,530,524
1C40702,Arraiolos,725,619,541,494,462,478,450,486,500,489,500,538,477,460,406,308,332,332,322,362,351,347,357,346,341,,1 195,1 049,894,810,820,844,848,816,855,724,686,707,688,722,707,656,634,601,608,607,616,626,576,539,505,,1 563,1 506,1 313,1 188,1 130,1 171,1 269,1 289,1 321,1 289,1 058,1 041,1 014,1 033,1 033,996,926,890,892,892,913,913,885,867,835
1C40703,Borba,446,385,385,383,380,398,392,409,389,290,300,291,340,343,392,310,313,393,283,291,278,271,273,217,205,,818,670,649,663,657,730,735,651,658,572,593,588,615,632,642,617,543,568,482,495,441,434,441,406,378,,1 105,1 056,1 000,1 002,1 011,1 001,980,938,917,879,844,831,831,832,865,838,811,803,706,669,688,706,699,633,657
1C40704,Estremoz,507,531,493,465,466,458,415,385,385,385,414,414,363,338,336,335,328,313,279,249,250,324,290,261,288,,846,885,840,784,808,778,730,694,704,736,764,762,707,661,687,655,653,635,605,610,597,602,575,543,514,,1 239,1 206,1 206,1 215,1 237,1 238,1 218,1 149,1 112,1 112,1 095,1 095,1 037,1 013,1 000,980,922,880,841,835,827,815,862,821,775
1C40705,Évora,1 434,1 429,1 265,1 268,1 328,1 307,1 377,1 364,1 338,1 327,1 286,1 250,1 191,1 204,1 180,1 133,1 059,985,971,979,1 012,1 040,998,968,946,,2 140,2 113,1 993,1 903,1 882,1 821,1 863,1 878,1 864,1 874,1 809,1 723,1 635,1 558,1 502,1 473,1 402,1 343,1 316,1 322,1 316,1 288,1 268,1 243,1 194,,2 627,2 549,2 430,2 354,2 346,2 258,2 286,2 388,2 460,2 486,2 357,2 217,2 088,1 976,1 843,1 798,1 735,1 664,1 620,1 621,1 588,1 578,1 553,1 493,1 464
1C40706,Montemor-o-Novo,880,892,867,773,692,628,670,667,727,683,641,593,580,559,550,522,500,531,532,579,535,492,442,392,397,,1 429,1 314,1 334,1 216,1 140,1 155,1 143,1 105,1 101,1 080,1 010,1 000,942,919,943,841,806,798,784,866,848,846,789,704,698,,1 825,1 754,1 797,1 649,1 553,1 557,1 454,1 615,1 510,1 483,1 374,1 273,1 257,1 191,1 127,1 104,1 117,1 136,1 149,1 159,1 142,1 112,1 069,975,982
1C40707,Mora,528,571,571,523,523,458,437,452,422,380,348,314,303,298,298,294,327,301,225,220,225,250,313,341,327,,994,952,952,952,833,712,678,714,673,611,603,591,528,600,589,579,581,500,460,423,521,556,580,556,460,,1 315,1 289,1 225,1 165,1 084,1 023,978,1 006,996,978,1 046,925,919,963,939,936,897,771,767,697,796,822,822,811,780
1C40708,Mourão,367,391,422,483,458,378,375,373,333,333,347,347,385,408,417,441,390,390,358,//,381,325,306,303,263,,585,714,713,813,711,644,644,644,523,511,602,583,678,688,686,682,641,630,607,//,581,557,507,459,384,,1 096,1 033,1 033,1 010,1 005,1 005,1 010,1 013,985,985,1 019,1 019,1 016,1 000,926,819,822,746,714,//,880,880,818,844,710
1C40709,Portel,509,480,361,303,302,283,221,212,176,174,279,250,273,248,241,250,238,243,185,167,132,124,179,179,199,,785,709,625,519,509,501,481,481,465,423,458,405,418,406,456,428,411,422,322,322,328,322,341,329,345,,1 105,1 099,1 030,957,941,879,765,799,767,750,768,701,672,654,672,682,698,667,617,606,514,514,527,562,601
1C40710,Redondo,566,463,488,384,365,385,340,387,399,388,388,374,340,336,345,343,348,370,376,413,375,312,302,265,247,,899,790,875,801,692,642,601,680,707,675,694,599,557,529,519,552,597,610,617,638,593,571,493,439,425,,1 307,1 240,1 320,1 307,1 141,1 094,1 012,984,1 021,959,1 094,990,976,974,926,912,933,933,963,980,980,927,927,743,693
1C40711,Reguengos de Monsaraz,732,650,587,540,536,507,549,495,479,488,483,515,519,495,453,428,397,387,370,328,309,305,297,284,286,,1 094,1 012,964,901,868,780,848,794,780,777,797,859,816,795,702,606,575,580,596,599,589,537,531,524,493,,1 523,1 425,1 302,1 250,1 183,1 136,1 161,1 126,1 075,1 067,1 087,1 093,1 087,1 061,979,868,805,781,779,788,799,771,788,788,764
1C40712,Vendas Novas,1 169,1 168,1 118,951,1 007,941,893,900,721,737,751,764,791,783,769,775,714,692,695,669,606,621,588,575,563,,1 533,1 499,1 380,1 334,1 308,1 225,1 158,1 158,1 086,1 062,1 059,1 034,1 048,1 044,1 031,976,930,873,868,801,801,807,763,773,763,,1 968,1 953,1 809,1 709,1 693,1 653,1 653,1 577,1 482,1 482,1 432,1 316,1 290,1 269,1 255,1 220,1 181,1 127,1 073,1 013,1 013,1 031,1 013,1 015,968
1C40713,Viana do Alentejo,597,583,466,454,444,434,422,400,388,341,412,393,416,352,279,264,263,294,346,375,319,313,356,364,339,,903,907,843,741,713,711,688,668,645,643,643,634,662,547,490,481,472,526,546,571,571,459,534,532,500,,1 397,1 332,1 192,1 087,1 031,1 019,1 016,1 000,1 000,976,881,889,926,883,862,759,727,751,770,803,803,735,706,688,688
1C40714,Vila Viçosa,535,467,400,396,393,349,339,339,346,372,494,365,364,316,312,300,304,267,320,322,313,319,261,260,275,,825,812,736,644,588,574,588,652,647,686,708,652,624,578,589,577,600,581,553,554,510,500,482,491,497,,1 290,1 135,1 048,1 024,1 021,1 056,1 056,1 018,984,987,958,881,892,867,867,859,824,800,796,792,773,762,707,752,767
15,Algarve,2 375,2 264,2 183,2 116,2 046,1 992,1 961,1 917,1 904,1 870,1 810,1 788,1 736,1 682,1 648,1 555,1 484,1 411,1 361,1 344,1 335,1 311,1 294,1 280,1 265,,3 139,3 021,2 922,2 814,2 752,2 701,2 677,2 632,2 613,2 564,2 496,2 429,2 339,2 264,2 199,2 095,2 000,1 922,1 857,1 836,1 816,1 772,1 740,1 721,1 696,,4 069,3 950,3 814,3 690,3 627,3 534,3 509,3 484,3 438,3 375,3 279,3 166,3 042,2 961,2 877,2 756,2 660,2 556,2 459,2 406,2 385,2 344,2 303,2 273,2 250
150,Algarve,2 375,2 264,2 183,2 116,2 046,1 992,1 961,1 917,1 904,1 870,1 810,1 788,1 736,1 682,1 648,1 555,1 484,1 411,1 361,1 344,1 335,1 311,1 294,1 280,1 265,,3 139,3 021,2 922,2 814,2 752,2 701,2 677,2 632,2 613,2 564,2 496,2 429,2 339,2 264,2 199,2 095,2 000,1 922,1 857,1 836,1 816,1 772,1 740,1 721,1 696,,4 069,3 950,3 814,3 690,3 627,3 534,3 509,3 484,3 438,3 375,3 279,3 166,3 042,2 961,2 877,2 756,2 660,2 556,2 459,2 406,2 385,2 344,2 303,2 273,2 250
1500801,Albufeira,2 694,2 546,2 467,2 426,2 354,2 283,2 230,2 193,2 166,2 137,2 112,2 042,1 999,1 901,1 866,1 817,1 741,1 672,1 634,1 610,1 598,1 576,1 603,1 583,1 554,,3 285,3 194,3 136,3 040,2 941,2 867,2 857,2 815,2 775,2 717,2 660,2 586,2 532,2 428,2 366,2 308,2 212,2 141,2 090,2 057,2 037,1 989,2 017,1 973,1 956,,4 021,3 862,3 784,3 692,3 667,3 563,3 535,3 513,3 474,3 431,3 359,3 251,3 156,2 999,2 877,2 842,2 737,2 719,2 674,2 580,2 557,2 459,2 460,2 440,2 445
1500802,Alcoutim,528,451,414,421,250,354,396,401,432,360,314,297,314,288,324,335,294,302,294,//,//,//,//,//,469,,951,981,920,861,769,760,850,791,795,791,642,753,518,518,518,518,509,522,517,//,//,//,//,//,668,,1 671,1 540,1 328,1 289,1 216,1 167,1 226,1 219,1 243,1 243,919,962,875,875,938,895,938,931,952,//,//,//,//,//,906
1500803,Aljezur,2 573,2 526,2 472,2 362,2 282,2 362,2 362,2 473,2 442,2 313,2 137,2 078,1 879,1 685,1 623,1 563,1 481,1 484,1 366,1 351,1 357,1 195,1 252,1 180,1 171,,3 288,3 240,3 158,3 117,3 059,3 050,2 955,2 980,2 929,2 848,2 754,2 669,2 553,2 349,2 248,2 170,2 107,2 025,1 859,1 778,1 768,1 636,1 656,1 624,1 546,,3 994,3 924,3 843,3 856,3 915,3 845,3 837,3 660,3 557,3 524,3 488,3 431,3 295,3 054,2 879,2 703,2 533,2 424,2 351,2 324,2 246,2 156,2 105,2 050,1 942
1500804,Castro Marim,1 352,1 268,1 121,1 123,1 111,1 094,1 303,1 136,1 381,1 329,1 277,1 417,1 360,1 366,1 383,1 328,1 316,1 234,1 080,996,995,932,964,947,875,,2 406,2 231,2 176,2 115,2 078,2 062,2 064,2 000,2 152,2 072,2 038,2 025,1 981,1 932,1 885,1 736,1 676,1 612,1 517,1 529,1 504,1 429,1 439,1 440,1 395,,3 266,3 035,2 899,2 815,2 857,2 847,2 847,2 847,2 876,2 809,2 849,2 722,2 649,2 475,2 381,2 281,2 248,2 141,2 000,2 005,1 970,1 880,1 915,1 980,1 907
1500805,Faro,2 279,2 196,2 056,1 963,1 926,1 822,1 811,1 734,1 737,1 774,1 751,1 782,1 717,1 676,1 617,1 450,1 326,1 274,1 238,1 323,1 344,1 342,1 277,1 248,1 211,,2 985,2 885,2 774,2 596,2 504,2 443,2 426,2 359,2 315,2 317,2 277,2 297,2 257,2 175,2 139,1 948,1 844,1 738,1 695,1 744,1 754,1 761,1 707,1 667,1 622,,3 832,3 731,3 624,3 413,3 283,3 088,3 153,3 115,3 028,2 941,2 861,2 850,2 803,2 707,2 618,2 428,2 310,2 178,2 117,2 178,2 183,2 171,2 108,2 044,2 012
1500806,Lagoa,2 421,2 247,2 153,2 051,1 961,1 897,1 905,1 916,1 844,1 840,1 765,1 773,1 788,1 750,1 683,1 580,1 464,1 423,1 364,1 362,1 321,1 304,1 273,1 264,1 267,,3 107,3 002,2 946,2 793,2 762,2 710,2 747,2 718,2 640,2 575,2 428,2 415,2 382,2 356,2 295,2 215,2 073,1 974,1 889,1 874,1 841,1 819,1 710,1 709,1 736,,3 864,3 803,3 756,3 651,3 566,3 495,3 622,3 654,3 537,3 482,3 299,3 213,3 087,3 019,2 981,2 857,2 746,2 577,2 486,2 460,2 545,2 506,2 427,2 405,2 410
1500807,Lagos,3 017,2 937,2 917,2 865,2 746,2 688,2 622,2 443,2 442,2 353,2 260,2 215,2 094,2 039,1 977,1 871,1 800,1 684,1 622,1 635,1 664,1 667,1 609,1 571,1 506,,3 801,3 690,3 638,3 582,3 452,3 389,3 307,3 229,3 182,3 079,2 952,2 837,2 678,2 625,2 547,2 425,2 368,2 181,2 126,2 120,2 106,2 114,2 061,2 030,2 009,,4 541,4 478,4 439,4 429,4 310,4 193,4 129,4 037,3 926,3 852,3 704,3 556,3 343,3 216,3 195,3 100,3 032,2 923,2 812,2 800,2 759,2 789,2 730,2 683,2 647
1500808,Loulé,2 894,2 805,2 525,2 362,2 311,2 237,2 259,2 250,2 256,2 191,2 168,2 155,2 090,2 033,2 007,1 924,1 823,1 812,1 663,1 591,1 596,1 538,1 550,1 577,1 533,,3 993,3 919,3 639,3 401,3 333,3 267,3 273,3 293,3 269,3 168,3 077,3 000,2 910,2 894,2 873,2 750,2 671,2 548,2 391,2 323,2 347,2 244,2 233,2 232,2 170,,5 282,5 358,5 072,4 772,4 724,4 607,4 561,4 483,4 483,4 329,4 158,4 005,3 886,3 870,3 846,3 724,3 644,3 497,3 233,3 088,3 015,2 925,2 899,2 891,2 831
1500809,Monchique,921,849,702,702,696,746,847,615,559,469,423,506,605,535,570,512,462,483,462,462,383,300,254,325,331,,1 636,1 471,1 248,1 280,1 250,1 343,1 410,1 201,1 057,1 000,1 000,1 110,1 114,1 063,1 063,974,833,826,721,709,686,740,739,717,717,,2 286,2 281,2 000,2 140,2 101,2 017,2 119,1 897,2 000,1 893,1 837,1 915,1 724,1 500,1 594,1 500,1 319,1 412,1 203,1 049,1 250,1 250,1 250,1 278,1 280
1500810,Olhão,2 100,1 978,1 906,1 810,1 747,1 747,1 712,1 705,1 665,1 611,1 568,1 500,1 454,1 402,1 356,1 327,1 246,1 222,1 171,1 177,1 200,1 175,1 100,1 086,1 046,,2 614,2 511,2 432,2 325,2 250,2 249,2 209,2 172,2 085,2 013,1 994,1 951,1 884,1 839,1 748,1 651,1 580,1 515,1 471,1 449,1 396,1 382,1 353,1 348,1 380,,3 364,3 216,3 107,2 940,2 873,2 934,2 870,2 763,2 700,2 594,2 551,2 540,2 524,2 462,2 374,2 177,2 053,1 912,1 875,1 840,1 737,1 733,1 682,1 671,1 744
1500811,Portimão,2 344,2 198,2 157,2 095,2 032,2 013,1 956,1 938,1 959,1 946,1 874,1 811,1 732,1 657,1 623,1 534,1 430,1 356,1 315,1 307,1 307,1 250,1 210,1 184,1 165,,2 953,2 795,2 718,2 632,2 578,2 554,2 500,2 480,2 541,2 530,2 483,2 374,2 219,2 077,2 016,1 910,1 803,1 746,1 700,1 700,1 697,1 596,1 524,1 496,1 474,,3 765,3 558,3 407,3 315,3 196,3 170,3 124,3 081,3 116,3 100,3 072,3 000,2 821,2 636,2 500,2 377,2 280,2 239,2 141,2 123,2 121,2 067,2 000,1 944,1 906
1500812,São Brás de Alportel,1 733,1 322,1 303,1 320,1 238,1 400,1 372,1 197,1 240,1 319,1 286,1 286,1 279,1 246,1 095,1 067,996,980,972,962,908,822,836,789,845,,2 301,2 099,1 949,1 955,1 997,2 079,1 969,1 908,1 843,1 850,1 836,1 802,1 793,1 712,1 536,1 505,1 404,1 369,1 335,1 305,1 277,1 250,1 208,1 179,1 179,,2 968,2 657,2 523,2 527,2 614,2 643,2 518,2 461,2 320,2 411,2 477,2 342,2 346,2 187,2 067,2 026,1 911,1 774,1 719,1 701,1 634,1 535,1 575,1 546,1 535
1500813,Silves,1 920,1 832,1 768,1 692,1 664,1 627,1 570,1 565,1 504,1 500,1 429,1 408,1 374,1 379,1 333,1 252,1 201,1 136,1 122,1 105,1 089,1 066,1 063,1 092,1 089,,2 746,2 667,2 584,2 489,2 464,2 354,2 283,2 290,2 180,2 130,2 053,2 009,1 919,1 889,1 838,1 748,1 695,1 550,1 533,1 509,1 493,1 509,1 492,1 504,1 485,,3 538,3 412,3 289,3 204,3 229,3 098,3 025,2 962,2 792,2 746,2 663,2 605,2 532,2 436,2 367,2 245,2 193,2 111,2 015,1 964,1 913,1 875,1 862,1 848,1 824
1500814,Tavira,2 579,2 466,2 382,2 346,2 299,2 237,2 253,2 232,2 195,2 145,2 083,1 969,1 949,1 889,1 817,1 725,1 682,1 597,1 578,1 606,1 543,1 544,1 506,1 500,1 519,,3 103,3 014,2 936,2 892,2 853,2 754,2 822,2 852,2 826,2 731,2 570,2 420,2 386,2 300,2 244,2 133,2 083,2 051,2 046,2 088,1 985,1 961,1 886,1 872,1 827,,3 822,3 752,3 725,3 627,3 490,3 350,3 472,3 592,3 551,3 437,3 239,2 946,2 882,2 835,2 790,2 672,2 573,2 486,2 560,2 639,2 462,2 447,2 302,2 292,2 235
1500815,Vila do Bispo,2 497,2 291,2 301,2 363,2 303,2 286,2 182,2 121,2 196,1 962,1 733,1 694,1 556,1 639,1 567,1 496,1 485,1 485,1 485,1 426,1 295,1 202,1 202,1 183,1 216,,3 189,3 040,3 006,3 017,3 030,2 927,2 907,2 913,3 162,2 943,2 922,2 669,2 404,2 400,2 163,2 074,2 028,1 845,1 797,1 739,1 654,1 597,1 617,1 549,1 575,,4 239,4 044,3 960,3 852,3 894,3 830,3 721,3 886,4 012,3 935,3 900,3 611,3 409,3 296,2 863,2 863,2 769,2 530,2 451,2 326,2 223,2 217,2 199,2 143,2 153
1500816,Vila Real de Santo António,2 303,2 197,2 120,2 031,1 916,1 843,1 835,1 775,1 695,1 687,1 489,1 489,1 478,1 472,1 507,1 478,1 415,1 371,1 333,1 282,1 308,1 270,1 305,1 232,1 219,,2 914,2 788,2 705,2 627,2 548,2 431,2 424,2 335,2 311,2 284,2 154,2 046,1 969,1 915,1 961,1 892,1 827,1 794,1 784,1 731,1 672,1 636,1 627,1 559,1 563,,3 810,3 619,3 484,3 350,3 277,3 173,3 111,3 000,2 998,2 948,2 808,2 808,2 693,2 618,2 529,2 435,2 376,2 299,2 268,2 282,2 232,2 258,2 201,2 113,2 113
2,Região Autónoma dos Açores,865,763,733,703,673,719,678,665,661,648,654,653,654,636,600,565,557,538,550,572,579,556,527,504,487,,1 426,1 327,1 274,1 224,1 179,1 177,1 145,1 111,1 105,1 087,1 079,1 055,1 034,1 024,975,939,903,862,864,867,874,858,826,807,779,,2 053,1 948,1 898,1 833,1 795,1 762,1 696,1 639,1 600,1 570,1 549,1 502,1 477,1 456,1 409,1 363,1 324,1 276,1 227,1 207,1 191,1 171,1 142,1 142,1 136
20,Região Autónoma dos Açores,865,763,733,703,673,719,678,665,661,648,654,653,654,636,600,565,557,538,550,572,579,556,527,504,487,,1 426,1 327,1 274,1 224,1 179,1 177,1 145,1 111,1 105,1 087,1 079,1 055,1 034,1 024,975,939,903,862,864,867,874,858,826,807,779,,2 053,1 948,1 898,1 833,1 795,1 762,1 696,1 639,1 600,1 570,1 549,1 502,1 477,1 456,1 409,1 363,1 324,1 276,1 227,1 207,1 191,1 171,1 142,1 142,1 136
200,Região Autónoma dos Açores,865,763,733,703,673,719,678,665,661,648,654,653,654,636,600,565,557,538,550,572,579,556,527,504,487,,1 426,1 327,1 274,1 224,1 179,1 177,1 145,1 111,1 105,1 087,1 079,1 055,1 034,1 024,975,939,903,862,864,867,874,858,826,807,779,,2 053,1 948,1 898,1 833,1 795,1 762,1 696,1 639,1 600,1 570,1 549,1 502,1 477,1 456,1 409,1 363,1 324,1 276,1 227,1 207,1 191,1 171,1 142,1 142,1 136
2004301,Angra do Heroísmo,763,703,682,702,682,689,701,690,685,657,650,625,640,614,592,562,538,538,503,575,603,600,556,517,500,,1 251,1 145,1 097,1 152,1 070,1 029,1 066,987,976,976,978,938,947,919,889,849,814,791,754,812,854,824,798,758,723,,1 857,1 692,1 654,1 667,1 627,1 548,1 454,1 351,1 314,1 264,1 259,1 232,1 250,1 264,1 257,1 250,1 140,1 071,1 050,1 058,1 125,1 078,1 026,1 021,993
2004501,Calheta,338,443,425,467,414,369,321,215,215,296,295,//,//,//,208,278,289,//,//,//,//,//,260,217,207,,680,755,669,700,691,595,595,430,545,600,674,//,//,//,400,506,512,//,//,//,//,//,417,346,311,,1 197,1 236,1 152,970,986,970,1 039,1 022,1 182,1 139,1 089,//,//,//,893,1 041,1 048,//,//,//,//,//,630,629,523
2004901,Corvo,//,//,//,//,//,//,//,//,//,//,//,//,//,//,//,//,//,//,//,//,//,//,//,//,//,,//,//,//,//,//,//,//,//,//,//,//,//,//,//,//,//,//,//,//,//,//,//,//,//,//,,//,//,//,//,//,//,//,//,//,//,//,//,//,//,//,//,//,//,//,//,//,//,//,//,//
2004701,Horta,792,816,690,645,650,658,714,798,764,725,668,664,670,642,636,625,588,549,550,549,515,504,476,480,480,,1 252,1 166,1 102,1 053,1 069,1 055,1 126,1 198,1 189,1 118,1 089,1 020,1 049,1 031,976,971,890,825,854,850,728,745,712,704,708,,1 712,1 642,1 600,1 480,1 494,1 495,1 533,1 546,1 524,1 458,1 394,1 351,1 410,1 346,1 287,1 265,1 227,1 178,1 172,1 121,1 078,1 076,998,970,972
2004201,Lagoa,1 202,1 207,1 137,946,941,886,910,947,964,889,892,911,890,879,785,685,614,595,614,614,620,615,598,565,559,,1 696,1 748,1 651,1 601,1 419,1 295,1 282,1 374,1 379,1 349,1 356,1 302,1 298,1 214,1 090,1 015,920,850,845,841,851,852,846,837,825,,2 286,2 167,2 108,2 104,2 080,1 760,1 696,1 673,1 643,1 611,1 601,1 571,1 550,1 485,1 441,1 355,1 235,1 175,1 178,1 121,1 121,1 064,1 106,1 039,1 100
2004801,Lajes das Flores,//,//,//,//,//,//,//,//,285,299,314,409,339,//,//,//,//,//,//,//,//,//,//,200,//,,//,//,//,//,//,//,//,//,549,668,590,579,597,//,//,//,//,//,//,//,//,//,//,411,//,,//,//,//,//,//,//,//,//,1 429,1 420,1 309,1 026,928,//,//,//,//,//,//,//,//,//,//,536,//
2004601,Lajes do Pico,726,674,626,682,618,524,548,496,509,393,414,449,380,395,354,268,298,222,221,298,334,426,374,250,233,,1 079,970,987,997,994,951,741,645,646,629,710,789,802,681,575,512,474,369,354,474,513,544,512,459,414,,1 786,1 439,1 723,1 257,1 280,1 129,1 114,1 150,1 147,1 151,1 161,1 107,1 103,962,962,879,788,711,684,667,722,779,661,632,517
2004602,Madalena,571,571,402,684,669,612,578,497,426,357,328,351,393,400,400,399,417,358,395,355,261,337,337,333,333,,1 025,1 000,914,1 226,1 220,1 157,1 109,839,765,732,701,699,676,690,719,719,719,675,713,651,582,544,553,500,550,,1 698,1 607,1 563,1 786,1 786,1 786,1 846,1 600,1 481,1 500,1 442,1 448,1 297,1 200,1 146,1 097,964,949,947,839,842,906,906,858,886
2004202,Nordeste,732,671,646,532,489,646,580,577,533,502,467,421,363,363,351,379,379,335,315,310,272,284,313,292,322,,1 098,977,953,799,866,882,856,887,805,739,735,713,615,542,526,500,537,486,540,620,475,484,458,429,441,,1 749,1 543,1 402,1 370,1 370,1 370,1 328,1 319,1 220,1 164,1 154,1 004,922,837,779,702,762,763,780,827,758,764,739,656,661
2004203,Ponta Delgada,1 350,1 338,1 204,1 168,1 095,1 047,1 036,1 038,1 053,1 000,1 000,975,963,958,926,909,891,870,842,828,819,786,778,763,749,,1 912,1 884,1 817,1 747,1 667,1 602,1 529,1 507,1 497,1 440,1 420,1 353,1 319,1 313,1 292,1 291,1 287,1 262,1 204,1 150,1 088,1 073,1 067,1 067,1 061,,2 622,2 568,2 406,2 304,2 237,2 178,2 099,2 048,2 044,1 995,1 900,1 860,1 777,1 833,1 811,1 731,1 787,1 654,1 599,1 528,1 460,1 411,1 409,1 425,1 430
2004204,Povoação,833,691,675,658,663,658,516,541,498,496,504,462,515,462,462,433,420,452,453,455,425,389,417,432,429,,1 277,1 186,1 155,1 172,1 164,1 027,846,839,772,786,745,745,759,727,719,711,667,691,761,761,766,647,741,667,639,,1 817,1 729,1 639,1 624,1 755,1 708,1 694,1 625,1 367,1 356,1 130,1 128,1 206,1 189,1 190,1 189,1 001,1 042,1 029,992,1 049,992,1 040,1 040,1 067
2004205,Ribeira Grande,952,517,517,517,484,729,678,667,623,603,649,643,660,659,592,561,548,537,537,560,591,542,500,458,447,,1 425,966,926,959,849,1 138,1 120,1 003,1 000,963,973,984,985,985,923,845,810,768,757,752,763,719,719,693,673,,1 937,1 609,1 535,1 509,1 477,1 588,1 574,1 466,1 466,1 480,1 285,1 280,1 302,1 230,1 224,1 203,1 111,1 073,1 050,1 059,1 071,986,1 011,1 000,946
2004401,Santa Cruz da Graciosa,251,247,248,249,209,200,157,136,174,174,176,198,173,171,163,146,183,189,185,//,//,//,100,109,118,,428,496,396,387,369,292,271,270,322,329,332,354,264,259,242,248,250,271,291,//,//,//,198,211,249,,748,753,718,629,563,497,494,486,467,494,531,552,508,478,383,377,478,476,597,//,//,//,429,458,417
2004802,Santa Cruz das Flores,//,//,//,//,//,//,//,//,//,//,//,//,//,//,//,//,//,//,//,//,//,//,//,//,//,,//,//,//,//,//,//,//,//,//,//,//,//,//,//,//,//,//,//,//,//,//,//,//,//,//,,//,//,//,//,//,//,//,//,//,//,//,//,//,//,//,//,//,//,//,//,//,//,//,//,//
2004603,São Roque do Pico,833,811,831,//,811,819,402,567,567,548,674,521,495,495,433,475,377,392,//,//,//,//,//,//,//,,1 568,1 380,1 257,//,1 116,1 207,1 045,1 022,1 163,1 143,1 184,1 182,1 190,938,795,889,666,772,//,//,//,//,//,//,//,,2 886,2 559,2 559,//,2 156,2 000,1 715,1 528,1 715,1 835,1 958,1 958,1 982,1 633,1 324,1 412,1 188,1 037,//,//,//,//,//,//,//
2004502,Velas,523,522,580,410,364,304,302,293,302,267,269,278,348,351,311,311,311,305,375,469,406,500,//,248,250,,895,949,917,828,750,667,618,667,683,582,592,651,597,581,500,498,510,602,697,770,749,750,//,456,482,,1 317,1 389,1 333,1 333,1 326,1 063,1 005,958,1 042,1 050,1 042,1 250,1 063,888,888,833,888,954,1 003,1 003,1 027,995,//,908,970
2004302,Vila da Praia da Vitória,831,741,729,730,656,566,522,490,528,551,520,565,508,473,481,408,446,495,494,500,494,449,488,500,460,,1 332,1 242,1 242,1 115,1 046,997,976,906,969,963,869,869,837,773,794,738,761,809,796,790,782,739,700,714,671,,1 855,1 715,1 659,1 564,1 468,1 426,1 418,1 429,1 438,1 448,1 380,1 304,1 282,1 239,1 136,1 100,1 099,1 115,1 100,1 093,1 073,1 056,993,1 041,967
2004101,Vila do Porto,983,718,792,756,829,822,739,824,715,814,810,740,715,626,639,531,557,563,//,//,//,401,538,536,536,,1 383,1 115,1 266,1 219,1 188,1 306,1 140,1 029,1 000,1 099,1 098,1 111,1 098,882,871,736,713,746,//,//,//,725,740,705,650,,2 013,1 747,1 827,1 786,1 751,1 691,1 583,1 535,1 462,1 535,1 370,1 430,1 349,1 238,1 200,980,954,938,//,//,//,1 215,962,895,891
2004206,Vila Franca do Campo,1 000,872,860,666,660,699,643,686,686,704,725,682,668,677,627,565,529,466,472,475,587,572,586,586,586,,1 500,1 410,1 357,1 101,1 154,1 090,942,982,969,1 027,1 085,1 085,1 057,1 063,897,829,821,782,813,821,829,834,827,807,782,,1 893,1 677,1 725,1 665,1 654,1 639,1 275,1 570,1 369,1 369,1 372,1 400,1 375,1 386,1 378,1 195,1 242,1 167,1 168,1 253,1 144,1 191,1 208,1 175,1 117
3,Região Autónoma da Madeira,1 500,1 562,1 542,1 476,1 399,1 217,1 168,1 152,1 122,1 114,1 075,1 059,1 061,1 046,1 022,993,979,955,962,952,944,923,907,903,890,,2 500,2 604,2 560,2 490,2 395,2 083,2 023,1 976,1 889,1 875,1 689,1 582,1 571,1 527,1 506,1 481,1 436,1 364,1 343,1 310,1 303,1 297,1 273,1 258,1 214,,3 444,3 491,3 373,3 330,3 296,2 941,2 836,2 765,2 677,2 649,2 452,2 311,2 273,2 166,2 097,2 019,1 931,1 840,1 793,1 772,1 769,1 758,1 705,1 679,1 625
30,Região Autónoma da Madeira,1 500,1 562,1 542,1 476,1 399,1 217,1 168,1 152,1 122,1 114,1 075,1 059,1 061,1 046,1 022,993,979,955,962,952,944,923,907,903,890,,2 500,2 604,2 560,2 490,2 395,2 083,2 023,1 976,1 889,1 875,1 689,1 582,1 571,1 527,1 506,1 481,1 436,1 364,1 343,1 310,1 303,1 297,1 273,1 258,1 214,,3 444,3 491,3 373,3 330,3 296,2 941,2 836,2 765,2 677,2 649,2 452,2 311,2 273,2 166,2 097,2 019,1 931,1 840,1 793,1 772,1 769,1 758,1 705,1 679,1 625
300,Região Autónoma da Madeira,1 500,1 562,1 542,1 476,1 399,1 217,1 168,1 152,1 122,1 114,1 075,1 059,1 061,1 046,1 022,993,979,955,962,952,944,923,907,903,890,,2 500,2 604,2 560,2 490,2 395,2 083,2 023,1 976,1 889,1 875,1 689,1 582,1 571,1 527,1 506,1 481,1 436,1 364,1 343,1 310,1 303,1 297,1 273,1 258,1 214,,3 444,3 491,3 373,3 330,3 296,2 941,2 836,2 765,2 677,2 649,2 452,2 311,2 273,2 166,2 097,2 019,1 931,1 840,1 793,1 772,1 769,1 758,1 705,1 679,1 625
3003101,Calheta,857,845,827,700,718,761,761,804,800,700,736,685,681,696,557,551,536,517,500,484,425,423,444,498,519,,1 637,1 535,1 544,1 413,1 293,1 276,1 283,1 376,1 376,1 354,1 326,1 276,1 317,1 317,1 171,1 131,1 064,1 005,1 025,931,853,859,979,942,907,,2 740,2 643,2 510,2 442,2 299,2 143,2 223,2 323,2 326,2 466,2 348,2 205,2 238,2 062,1 934,1 931,1 827,1 621,1 579,1 429,1 432,1 463,1 502,1 479,1 370
3003102,Câmara de Lobos,1 686,1 750,1 683,1 456,1 324,1 034,977,946,954,967,976,1 022,959,849,788,722,733,794,724,769,789,775,769,716,712,,2 484,2 625,2 647,2 476,2 237,1 829,1 690,1 651,1 511,1 497,1 489,1 483,1 401,1 325,1 270,1 130,1 174,1 175,1 133,1 183,1 162,1 136,1 100,1 044,1 050,,3 114,3 075,3 010,2 933,2 924,2 430,2 252,2 197,2 046,1 972,1 882,1 813,1 745,1 608,1 589,1 508,1 515,1 527,1 459,1 472,1 467,1 409,1 458,1 368,1 375
3003103,Funchal,2 025,2 278,2 174,2 092,2 029,1 798,1 818,1 792,1 656,1 675,1 552,1 491,1 486,1 450,1 389,1 333,1 316,1 261,1 270,1 171,1 209,1 190,1 167,1 176,1 107,,3 100,3 269,3 205,3 100,3 061,2 705,2 636,2 598,2 500,2 498,2 345,2 172,2 109,1 995,1 919,1 799,1 750,1 664,1 658,1 671,1 685,1 651,1 613,1 610,1 543,,4 183,4 485,4 272,4 144,4 066,3 512,3 330,3 295,3 167,3 158,3 077,2 866,2 751,2 617,2 508,2 394,2 290,2 161,2 108,2 118,2 116,2 083,2 049,2 028,1 948
3003104,Machico,1 135,1 200,1 122,1 121,1 194,1 057,962,948,865,868,887,803,810,740,725,755,687,683,715,673,644,610,607,644,628,,1 904,2 165,2 021,1 956,1 908,1 556,1 476,1 398,1 236,1 236,1 236,1 236,1 290,1 145,1 167,1 125,1 025,986,976,1 006,983,997,997,959,931,,2 841,2 871,2 871,2 867,2 819,2 160,2 039,1 977,1 881,1 877,1 766,1 766,1 793,1 581,1 597,1 547,1 495,1 482,1 449,1 445,1 322,1 340,1 322,1 239,1 212
3003105,Ponta do Sol,988,960,916,908,896,680,668,700,654,660,549,554,629,644,667,656,644,660,713,652,567,667,491,574,706,,1 797,1 845,1 839,1 795,1 429,1 250,1 297,1 377,1 446,1 415,1 361,1 242,1 198,1 229,1 229,1 196,1 060,1 009,1 020,1 035,1 044,1 100,943,981,1 111,,2 674,2 694,2 809,2 914,2 625,2 461,2 357,2 236,2 214,2 213,2 151,2 012,1 941,1 795,1 748,1 605,1 531,1 531,1 554,1 623,1 648,1 456,1 311,1 383,1 383
3003106,Porto Moniz,777,673,580,553,607,500,503,516,404,384,384,382,425,425,400,361,410,//,//,//,//,//,//,//,//,,1 412,1 242,1 095,996,1 029,876,1 098,945,803,850,795,761,707,725,704,703,813,//,//,//,//,//,//,//,//,,2 488,2 108,2 108,1 995,1 852,1 792,1 944,1 800,1 637,1 570,1 429,1 256,1 201,1 173,1 087,1 204,1 246,//,//,//,//,//,//,//,//
3003201,Porto Santo,1 644,1 667,1 501,1 265,1 279,1 211,1 132,1 322,1 255,1 255,1 227,1 142,1 067,1 022,984,734,711,765,804,972,961,783,651,742,758,,2 409,2 392,2 249,1 998,1 873,1 783,1 710,1 655,1 630,1 556,1 535,1 441,1 323,1 269,1 211,1 169,1 154,1 107,1 102,1 168,1 102,1 064,1 045,1 055,1 055,,3 079,2 907,2 763,2 519,2 448,2 321,2 339,2 308,2 117,2 043,1 868,1 852,1 809,1 691,1 603,1 489,1 441,1 392,1 383,1 383,1 367,1 367,1 367,1 439,1 434
3003107,Ribeira Brava,822,837,813,814,773,667,621,489,489,495,507,656,656,638,625,585,598,597,563,567,544,400,432,386,373,,1 589,1 596,1 586,1 496,1 467,1 159,1 133,1 032,1 088,1 155,1 167,1 084,981,942,956,1 132,1 032,1 019,926,858,911,861,896,909,625,,2 735,2 698,2 481,2 336,2 312,2 035,2 021,2 021,1 874,1 934,1 882,1 667,1 616,1 539,1 477,1 618,1 477,1 468,1 325,1 297,1 398,1 353,1 361,1 331,1 212
3003108,Santa Cruz,1 789,1 788,1 790,1 694,1 567,1 485,1 347,1 304,1 292,1 289,1 099,1 095,1 086,1 084,1 159,1 085,1 086,1 045,1 027,1 039,1 017,1 005,976,953,942,,2 500,2 444,2 395,2 323,2 269,2 085,1 895,1 844,1 798,1 720,1 479,1 437,1 416,1 386,1 412,1 400,1 346,1 284,1 261,1 255,1 227,1 215,1 163,1 144,1 130,,3 081,3 006,2 930,2 839,2 736,2 555,2 308,2 264,2 124,2 070,1 949,1 858,1 813,1 736,1 718,1 704,1 654,1 576,1 547,1 491,1 442,1 425,1 399,1 354,1 309
3003109,Santana,896,802,781,784,718,723,683,543,461,524,525,494,582,519,393,359,421,343,321,375,321,374,415,415,420,,1 333,1 188,1 101,1 081,1 023,1 024,967,964,938,929,875,816,816,727,696,721,636,632,609,613,599,639,688,698,844,,2 410,1 970,1 923,1 538,1 555,1 628,1 486,1 575,1 301,1 232,1 254,1 280,1 357,1 296,1 218,1 159,1 061,1 029,1 028,1 028,983,1 049,1 042,1 090,1 151
3003110,São Vicente,641,526,600,558,615,637,583,533,479,538,587,596,640,754,640,660,554,529,498,//,480,500,502,512,//,,1 289,1 087,1 035,1 035,1 050,1 205,1 222,1 143,1 016,938,977,1 032,1 068,1 074,1 052,1 073,937,877,750,//,864,963,1 072,817,//,,2 362,2 133,1 918,1 918,1 960,1 960,1 766,1 700,1 681,1 657,1 390,1 390,1 468,1 470,1 467,1 467,1 299,1 230,1 134,//,1 148,1 259,1 266,1 258,//
"Fonte: INE, I.P., Estatisticas de Preços da Habitação ao nível local.",,,,,,,,,,,,,,,,,,,,,,,,,,,,,,,,,,,,,,,,,,,,,,,,,,,,,,,,,,,,,,,,,,,,,,,,,,,,,,